docId,filename,0 2006 819 pontiac,1 day june july,2 1 april 2003,3 march lot la,4 fair 1 4,5 4 2000 2001,6 sept oct de,7 de la des,8 2 4 3,9 1 shawville pontiac
0,83471_2000-01-05.txt,0.002065657113689243,0.021203484104479094,0.043540039315339084,0.00247785764657378,0.00914916887098769,0.2232757084830271,2.005276123531804E-4,0.20218825101290167,0.21282285791077152,0.28307644792987763
1,83471_2000-01-12.txt,0.005768737061130104,0.0053979795484958935,0.017537443664227065,0.01489026504590155,7.949216489706559E-4,0.2348120861921899,0.007193929085202589,0.1444940141484073,0.25631381307431644,0.31279681053115854
2,83471_2000-01-19.txt,1.329784224303677E-4,0.0019575244396210136,0.006458884620962864,0.023980328484470417,0.004284756633305392,0.25875982946843945,0.005534953269544009,0.19601328073229712,0.21882913646531207,0.28404832746361725
3,83471_2000-01-26.txt,0.0037197158780378253,0.005169600301360116,0.00911288429257087,0.0025548488078116615,0.01719002322793347,0.2862546324170966,0.004092415645836118,0.12225989407938445,0.2916438227367684,0.25800216261320047
4,83471_2000-02-02.txt,0.00409810339562267,0.002236137762783017,0.032056076232702777,0.008314945797485292,0.0032000406452839434,0.34627618419216155,0.0031482858271961733,0.14307599253035685,0.18463389721011067,0.272960336406297
5,83471_2000-02-09-01.txt,0.0200324174318551,0.04971661604548895,0.020081024141273402,1.997547032134241E-4,0.6974117298354866,0.04244199072540521,4.226792024201245E-4,0.01960791679862065,0.008992826244735418,0.1410930448715012
6,83471_2000-02-09.txt,0.004465857101925036,0.01623733176652307,0.04277042421518615,0.006935766217580381,0.010720687387716275,0.2590667076282115,0.0010785878992480339,0.12691847946588375,0.2317181834951026,0.3000879748226232
7,83471_2000-02-16.txt,3.42592776682496E-4,0.002849680165885418,0.08062586270205363,0.014445781748066763,0.010434515916591823,0.2811264139840941,0.014351917641847997,0.17806054619954173,0.16854036331139333,0.24922232555384274
8,83471_2000-02-23.txt,7.264945608315105E-4,0.0034677115067292892,0.058570182807767136,0.021670320277476948,0.016489748724847222,0.24408652481388673,3.272563630187927E-4,0.12686650380898876,0.24841997099623983,0.27937528614021373
9,83471_2000-03-01.txt,2.202788233277514E-4,0.005965853708044767,0.057565759608163854,0.037421528487665195,0.00780401572640705,0.2833800635635264,0.003836611709484035,0.1503318764699205,0.1617153856000619,0.29175862630339855
10,83471_2000-03-08.txt,3.5097414229490884E-5,0.006888882225070893,0.1051146447935584,0.07058149706262859,0.0027118246803664813,0.2589544936781699,9.162678217378421E-4,0.22614049880748596,0.11383519177622918,0.21482160174052325
11,83471_2000-03-15.txt,6.800610368475248E-4,5.807016988977407E-4,0.07192975409420427,0.3187928038719719,9.844620263662262E-4,0.1718520266271022,0.0034380557460641672,0.1455575322093459,0.06773847790032926,0.2184461247888708
12,83471_2000-03-22.txt,0.0028504403800931216,0.0068203162645742,0.12859161265781976,0.05721089478961857,0.028678978943245136,0.26249050520936,0.0016631217212133519,0.1195001278438641,0.07255082634239042,0.3196431758478213
13,83471_2000-03-29.txt,0.003558975443192914,0.0037907755314003635,0.14014928977244243,0.2624740443712852,0.01234541141025443,0.19150250046023032,6.22593225641167E-4,0.10501796164638671,0.045528518442478044,0.23500992969668844
14,83471_2000-04-05.txt,0.0020641664790241637,0.006034008779924258,0.23639960978508345,0.028959793232786964,0.023430788073321697,0.2549383526777687,4.168711105804755E-4,0.10029289035638328,0.07556008297313006,0.27190343653199694
15,83471_2000-04-12.txt,0.020711498795364384,0.010418790200826509,0.27916138598320883,0.01132398380895437,0.027142285018945986,0.2391400716288705,0.007954512545862423,0.026764732263744775,0.046366304172865,0.33101643558135724
16,83471_2000-04-19.txt,0.0023491664567526186,0.015251563567221472,0.23627571529483102,0.01783743182132142,0.01508245612346206,0.2604534610527316,0.014971552700370858,0.1406928741681894,0.02106381740737642,0.27602196140774315
17,83471_2000-04-26.txt,0.0034071113540439625,0.016102567613270384,0.2362710969479097,0.010577517634276775,0.003931051551623944,0.24241776435845322,0.034377699038331676,0.17259651000368406,0.008360271704853036,0.27195840979355324
18,83471_2000-05-03.txt,4.7150698301974797E-4,0.025131653521027485,0.1801743382871814,0.009442510925311799,0.019108005556194272,0.34681217529266145,0.0071116166594812165,0.12054729715539227,0.029266898359066772,0.26193399726066363
19,83471_2000-05-10.txt,0.0023360016085088925,0.05390631004074328,0.16972818435771309,0.0037602628771017635,0.026945635727885497,0.32377413941580835,0.0077929528146375516,0.12261307691516053,0.007353507422571714,0.2817899288198693
20,83471_2000-05-17.txt,0.0015982813848906545,0.040126889026261464,0.20597282456754887,0.007469397343201857,0.013453825608979408,0.34362340098561023,0.0021516520678035787,0.12924851955356387,0.008333846821426698,0.2480213626407134
21,83471_2000-05-24.txt,4.222353486818537E-5,0.043501396076075144,0.11318190136822229,0.0018384053940130876,0.010458901447332613,0.3558987852250583,0.017451572693141806,0.21539220324171165,0.00859936410441579,0.23363524691516113
22,83471_2000-05-31.txt,0.004694129349941886,0.05815203814158724,0.07137829957546406,0.005892670152571538,0.009183320182614111,0.36530177441601186,0.007641796079783114,0.19735176094738113,0.006933016497329258,0.27347119465731584
23,83471_2000-06-07.txt,2.323338658424472E-4,0.054056983546592094,0.11737619998034088,9.870264633919737E-4,0.022798993692377832,0.3574822738879109,0.016551757843109683,0.13967228883830496,0.01818272779857786,0.27265941408355143
24,83471_2000-06-14.txt,0.0018096682300383618,0.07300427088520735,0.10471670392406394,0.005576792315069091,0.0224517170114288,0.3805575902994742,0.003475539344570875,0.12854015369123395,0.005622127014257985,0.27424543728465545
25,83471_2000-06-21.txt,8.183794834931026E-4,0.08061625231041646,0.12186575160857598,0.006967621903772379,0.019458651142503752,0.32489065805641565,0.0023878620599645938,0.19074782216674993,0.007666685849138114,0.24458031541897007
26,83471_2000-06-28.txt,4.0770749974373265E-5,0.09948456253326221,0.0547087155122618,0.00663260931083623,0.04902617014107325,0.34601464226737433,0.007945777024271135,0.13734567117225155,0.005604898105721811,0.29319618318297336
27,83471_2000-07-05.txt,0.0036235266259710083,0.1428435381600821,0.034627691712671,0.0022311817711693728,0.036056425348007334,0.38202090115625026,0.00904100517895032,0.08462871872514281,0.010662474488147456,0.29426453683360837
28,83471_2000-07-12.txt,7.099806649968327E-4,0.10906477881378347,0.03792842091478852,0.0017322147765805591,0.056819717792844,0.40342611488802443,0.006226950760800039,0.10913812764028459,0.005144154515124736,0.26980953923277284
29,83471_2000-07-19.txt,0.00726928011555612,0.1374127962157621,0.06752522041006159,7.389796366125874E-4,0.03330488235005352,0.38589051510216016,0.02275723316534493,0.08291155091906,0.00635468406425523,0.25583485802113376
30,83471_2000-07-26.txt,4.5221995667445484E-5,0.09470649550978183,0.07774298431238105,2.3369664039628568E-5,0.06919512378851884,0.3292403318414251,0.0011057540775945807,0.11791877357785487,0.01901281036494757,0.2910091348677891
31,83471_2000-08-02.txt,3.2814060643280196E-4,0.09454514939286181,0.027931565033914238,0.006863972903274447,0.040387057250475464,0.3787763111114211,0.019939098826333466,0.15891421057636926,0.012548774574574786,0.25976571972434265
32,83471_2000-08-09.txt,0.00379045432417881,0.03201298693196,0.04430421231162836,0.0024071807875066585,0.02383803933737593,0.36877879195177554,0.03618217128848056,0.22937386816587488,0.0016414241404794474,0.2576708707607398
33,83471_2000-08-16.txt,4.3584742730366754E-5,0.08529161532871776,0.08762162920612342,0.0038449418260230626,0.03517300840387671,0.33484568127843645,0.04693473955110172,0.13492527318735525,0.002025087112964072,0.2692944393626712
34,83471_2000-08-23-01.txt,0.0027710988703038538,0.004045008380746059,0.07306787595727565,3.2684711128685284E-4,0.5903814587892187,0.010293991381646288,6.752101017363143E-4,0.0011047376370251988,5.765699016361485E-4,0.3167572018691251
35,83471_2000-08-23.txt,0.0013643774367937157,0.0600974204361284,0.05077016661365561,0.005766643110857193,0.03749352302762356,0.3518141804931832,0.05019251696802902,0.13905119170715713,0.01086729891524128,0.29258268129133086
36,83471_2000-08-30.txt,3.320971023305509E-4,0.05277550895122622,0.08313341854534334,1.8506167864232465E-5,0.07689778160478264,0.3098459003949084,0.07524350141350772,0.09788207116182787,0.011085788855463768,0.29278542580274525
37,83471_2000-09-06.txt,0.0034935649013183093,0.030202830215039365,0.05536870106478941,2.4460578130632552E-5,0.07579311443246865,0.3373254454908611,0.059586667064278606,0.1502882578188593,0.009796617772437646,0.278120340661817
38,83471_2000-09-13-01.txt,5.831858000608442E-4,0.0039398135843477415,0.010766296162097276,2.757739587119376E-5,0.8463628628399039,0.00660736389939736,3.335067400933764E-4,7.784439560015362E-4,0.029765284193370795,0.10083566542885598
39,83471_2000-09-13.txt,0.0020034453586508503,0.039125479153538194,0.08159118259029949,0.00422427001360493,0.024702648175300282,0.2931749693325847,0.10203256089663806,0.14104751948642338,0.014433759578889474,0.29766416541407065
40,83471_2000-09-20.txt,0.0027379330307670466,0.013878608158193336,0.09115129491218162,2.2738399525154044E-5,0.036018150686928325,0.21928797146774315,0.13562689620930524,0.19584274906110785,0.00968934614999045,0.2957443119242578
41,83471_2000-09-27.txt,0.001069758369855685,0.01157207102678217,0.10314187709930818,0.0014375031045270725,0.017182138983025647,0.2416524900815565,0.11717739002963959,0.24519530227347666,0.015918429373917756,0.24565303965791072
42,83471_2000-10-04.txt,0.006286481336874556,0.011852536580123854,0.06444858739071788,0.0012356408528519942,0.028870843885112484,0.25520410273122085,0.1169675813531022,0.20246478080805858,0.028732251929418737,0.2839371931325189
43,83471_2000-10-11.txt,0.004349083010112597,8.89132925167163E-4,0.13411567737808316,0.0010651493507845844,0.009905192110805188,0.28181177293409987,0.10870543830246014,0.1290807256146664,0.06745727253652997,0.26262055583729094
44,83471_2000-10-18.txt,0.001817441073460142,9.623479085260401E-4,0.13845437314148468,4.1559560586710024E-4,0.02624959372102884,0.2547195731701525,0.07780699436771149,0.08939720632759304,0.11765947853954743,0.29251739614462874
45,83471_2000-10-25.txt,4.034074101048698E-5,0.002244019501278542,0.09231450091448996,0.0012891568715828641,0.009057983520952908,0.25351679308468666,0.0878322387699889,0.15211810069041679,0.14572738446768782,0.2558594814379051
46,83471_2000-11-01.txt,1.3373652018949667E-4,0.002804657408901122,0.10059397737886136,0.012802600064421354,0.005941065236448653,0.214743674883217,0.06515379328539446,0.22229185509397187,0.1469211493527282,0.22861349077586654
47,83471_2000-11-08.txt,0.0015667107094342774,0.008632950848140123,0.024697903571168408,1.710535018248566E-5,0.007760822142005794,0.24613494839311106,0.05196622152181229,0.17832690274738594,0.18617370041446715,0.29472273430229246
48,83471_2000-11-15.txt,0.002314606827324548,0.0024952194186382086,0.06241085304071014,0.004515513705293879,0.005497698474196784,0.26038359878358364,0.053288557100593874,0.13081552025502097,0.19738379193362393,0.2808946404610141
49,83471_2000-11-22.txt,5.097782729326752E-4,5.697572579971676E-4,0.04336408486373429,0.006476396724951689,0.008928111559583162,0.14425545761895534,0.01420599310705831,0.35475850585739926,0.20908639859904488,0.21784551613834324
50,83471_2000-11-29.txt,3.070663477162635E-4,7.080355120369714E-4,0.042476959327685936,0.0012212624046900613,0.0066486568950003735,0.22853779824210047,0.021059414390182923,0.1495752029172916,0.25629808072633375,0.29316752323696166
51,83471_2000-12-06.txt,3.9793534249618344E-5,0.003332990495517816,0.007501606207672333,0.0020618419005538125,0.0016918725544956665,0.24421749254592354,0.0128255982901882,0.18660012938285436,0.22243860479229968,0.31929007029624495
52,83471_2000-12-13.txt,9.96194976952087E-4,0.002637948526017823,0.004975430172162665,0.0017719028786254017,0.008866996865587064,0.1883152391274892,0.002420657855223274,0.19470912565384646,0.26432736473901225,0.33097913920508376
53,83471_2000-12-20.txt,0.0019898555208039295,0.001578133521071503,0.002831033219038191,0.009654990654150354,0.01957126919000121,0.1749343396956989,0.0063285167810137564,0.2582303548211505,0.20638978180703316,0.31849172479003857
54,83471_2000-12-27.txt,0.021154039358762564,0.05659095109428781,0.06733606482753939,0.220957594556303,0.05928806243263879,0.028897481063619772,0.027192016078780853,0.13356028453065386,0.03776902167588683,0.3472544843815271
55,83471_2001-01-03.txt,0.002036505145478334,0.002307899436844041,0.04359842249226766,0.0012894467764361054,0.01132420092627985,0.2969327779954998,0.008358597405063692,0.034309041911316646,0.2965952370722135,0.30324787083860044
56,83471_2001-01-10.txt,0.0030032080334506726,0.00219290262353576,0.015513324717277592,0.00936461231676966,3.7471083232035646E-4,0.22803043877336013,0.00555682903720963,0.20043641135293355,0.2099989568105275,0.32552860550261514
57,83471_2001-01-17.txt,7.080745100853923E-4,0.004003808438141764,0.018727911646529184,0.006181888649318843,0.005411927255619345,0.16479936210032925,0.00138979926896674,0.2510784076988025,0.308695610449399,0.239003209982808
58,83471_2001-01-24.txt,0.0011548055794151464,0.007876973982275243,0.04474918849295765,0.008248269620113255,0.00930637767454216,0.18984008576694744,3.7771668641963814E-4,0.11282235218681888,0.3508524214563121,0.2747718085541984
59,83471_2001-01-31.txt,0.0015195689303795317,3.6158380411812393E-4,0.0332778441160372,0.017594946843192502,0.009443660214045383,0.16524378379564628,8.225296202821491E-4,0.2139119328843116,0.312940272539408,0.24488387725257926
60,83471_2001-02-07.txt,0.009913188603684078,0.001708853640314808,0.013003086550307798,0.011027754439664786,0.012520788959114735,0.2479442778674024,0.0013859928339981825,0.16602543361494285,0.2676402255380305,0.2688303979525398
61,83471_2001-02-14-01.txt,0.00837159961527547,0.1048079059425833,0.003974454931106961,4.78802361486582E-5,0.679440027604936,0.041367992492465165,0.005485081963725095,0.019749206563447447,0.02009622348958623,0.11665962716072571
62,83471_2001-02-14.txt,0.006634565470790298,0.001561321822702715,0.02530187000415041,0.009089632105616694,0.023321101904514804,0.1527805893680147,9.372248796426197E-4,0.24937675452210803,0.2660109036003584,0.2649860363221013
63,83471_2001-02-21.txt,0.020111391976047988,0.00367934244473465,0.026706887029913647,0.015335915545256306,0.010467677799288888,0.18578461733212145,4.7388465729736757E-4,0.15669416429636054,0.2971265898245404,0.28361952909443877
64,83471_2001-02-28.txt,2.864889866375051E-4,0.0024650169010702735,0.021586173402887276,0.04556570367475276,4.1649560967981316E-4,0.18559642428788892,0.002039428876407666,0.2831594005018184,0.2173452520108724,0.24153961574798496
65,83471_2001-03-07.txt,0.0018186698458108107,2.0173883030319138E-4,0.06776845898608815,0.08407790212249727,0.006286058315160709,0.16972885292978118,0.008856573312941022,0.2982454486292866,0.12735017885733318,0.2356661181707979
66,83471_2001-03-14.txt,0.0033533570061787953,0.0018487223790310914,0.09664514737479576,0.09386239264988717,0.022978494015334933,0.17719828208281993,9.222773711353019E-5,0.2325815442707101,0.1271739816477493,0.24426585083637944
67,83471_2001-03-21.txt,4.879285426646825E-5,0.001906790767298486,0.09865705462606873,0.07680812919701302,0.003447055291377138,0.19610126513273468,7.0863280401908E-4,0.20215589262439204,0.17593694487474942,0.24422944182808093
68,83471_2001-03-28.txt,0.03178760550584424,2.9660609632166927E-4,0.25471819806719076,0.09015509717880348,0.026218227445991664,0.16974732518503696,0.004656292566679532,0.06403503434400533,0.05667569874947548,0.3017099148606509
69,83471_2001-04-04.txt,0.005033613891925457,0.001826297545121293,0.2195065583159119,0.034742091177821226,0.01908476390910928,0.20388633589465935,0.00119607446476762,0.17565348508378748,0.056042147060332885,0.2830286326565635
70,83471_2001-04-11.txt,0.008481138988302802,0.005052681988575529,0.27433673065959,0.022113021390543386,0.0404056446432104,0.16716550829546212,0.004601609597168738,0.08453258144772668,0.06694196163603963,0.32636912135338064
71,83471_2001-04-18.txt,0.002731767217314415,8.438944648378635E-4,0.15886911914521576,0.018837748164586783,0.012109470403133786,0.26644927102128263,0.003688683240411324,0.23470266950344992,0.030734582470597818,0.27103279436916966
72,83471_2001-04-25.txt,5.16543295188372E-4,0.004389253024725286,0.28739626588074824,0.009938635799106555,0.018047923880606668,0.20811815392045055,0.00990226179597221,0.22876744898659085,0.004420655682029838,0.22850285773458137
73,83471_2001-05-02.txt,1.0140768763021956E-4,0.02987356007327987,0.30301842968801457,8.414553856788778E-4,0.015087558074610877,0.22039825344946395,0.010415354266471612,0.1291240333417856,0.010434453656870703,0.2807054943761937
74,83471_2001-05-09.txt,1.1514942678022136E-4,0.033347527086814446,0.23555769960822234,0.006195003139309907,0.008734480108572338,0.2421538913144394,0.0063001178352288635,0.17260389848914026,0.010843584875965543,0.28414864811552665
75,83471_2001-05-16.txt,0.010211217214102146,0.06316976048678861,0.18078625656483613,0.006648413586390665,0.016516889156968223,0.25690245685610164,2.4784610673632304E-4,0.209390774459506,0.006698725456142365,0.24942766011242787
76,83471_2001-05-23.txt,0.0020832561553322023,0.06321364417921668,0.11425349160671015,0.006287451413758432,0.02442866895102048,0.33597243252864833,0.015152318053609493,0.1595264106345276,0.002873762326739367,0.27620856415043726
77,83471_2001-05-30.txt,6.728559484219383E-4,0.06951395515534294,0.1609443630148893,2.0460011446178842E-4,0.012006629369623005,0.31330392047032185,0.0065280163037785294,0.1505822511817005,0.016110948851793663,0.27013245958966653
78,83471_2001-06-06.txt,0.0011769907213684022,0.059057202453829186,0.21161130566927697,0.0025359804310582643,0.023505830395647468,0.26844376906589945,0.006469384456484791,0.14706108499707773,0.002342762796527078,0.27779568901283064
79,83471_2001-06-13.txt,4.2315186540250725E-5,0.10556380738428721,0.14535684469722002,0.0022625178300554926,0.01755365647769281,0.30863736821869764,0.007056425470708951,0.1426184821443697,0.009388253695453225,0.26152032889497473
80,83471_2001-06-20.txt,0.0016259226388291672,0.07840046740670983,0.06406853785206933,0.010434138323849559,0.03084246021385398,0.2901289621574862,0.012051182793680788,0.22078428592401644,0.011562355767901846,0.2801016869216029
81,83471_2001-06-27.txt,0.00364056689950483,0.10150776176878115,0.0352002845468592,0.0011250908210746933,0.0629259995661462,0.31745029345203474,0.009028415773406441,0.19352552532689524,9.029709677482868E-4,0.2746930908775492
82,83471_2001-07-04.txt,0.001989893219665969,0.13685526558286035,0.01355013264396102,6.437130474636677E-4,0.032544700609778696,0.3573045704504866,0.018819097783215052,0.1527184441752491,0.009514356845359237,0.2760598256419603
83,83471_2001-07-11.txt,0.0025283421948286895,0.13367972857319876,0.0363073967606955,2.4201115347889673E-4,0.04410848215371582,0.3343296554138845,0.01518107539661245,0.19236491968322475,0.0029283442810405227,0.23833004438932015
84,83471_2001-07-18.txt,0.0012763592891943559,0.08415709947674899,0.05696277760030433,0.014018122320296112,0.03741600935230701,0.3913407959762789,0.014634319187431686,0.11470475920766869,0.007101696050510205,0.2783880615392597
85,83471_2001-07-25.txt,0.008814348327013461,0.135516738202329,0.07696151017942927,0.0019639344123876866,0.0366754273932451,0.3380379855606549,0.014181313289684232,0.11171260831908461,0.001945831613375309,0.27419030270279643
86,83471_2001-08-01.txt,0.0023428836673298095,0.09379473258462681,0.08825745313663343,7.216570103429959E-5,0.033363109845117686,0.33631954101791117,0.01373564775551538,0.14643270882494194,0.00473362816472088,0.2809481293021686
87,83471_2001-08-08.txt,0.0015493765365698485,0.09062421893875944,0.017422920254945837,0.002076316059390968,0.060070173770655766,0.34739051414716404,0.036172845744449,0.16421919974042737,1.863163160458069E-4,0.2802881184915919
88,83471_2001-08-15.txt,4.2099993116698786E-5,0.06657230582936664,0.09682796853455433,0.009565756539616195,0.04358847583149615,0.3279670668474367,0.04456956298881435,0.12823900725260662,0.0014684512298996776,0.2811593049530926
89,83471_2001-08-22-01.txt,8.366455735046595E-4,0.013975626954957226,0.05552286039739621,4.6622217771515686E-5,0.600082551491416,0.006691809620354689,0.001011681870073218,0.0038538896246643043,0.004341074573308457,0.31363723767655377
90,83471_2001-08-22.txt,1.7071322565077667E-4,0.02396611441505096,0.03834165039292155,0.002839114366564749,0.053337492316112574,0.3119402412137418,0.059045774211823505,0.20935408994089524,0.006101312211884729,0.2949034977053541
91,83471_2001-08-29.txt,0.0019536209121943696,0.05164570416465926,0.07502679614488031,0.0028582246953428258,0.08081883704071602,0.22218038391322578,0.0778547220583778,0.18793036423953882,0.005746434325856492,0.2939849125052083
92,83471_2001-09-05.txt,3.426968799291732E-4,0.03621854237624178,0.06765055684438395,2.3244428112196718E-5,0.1279956117870521,0.2645831987655234,0.10671501396312366,0.11736128678354073,0.0030574802001916133,0.2760523679719014
93,83471_2001-09-12-01.txt,1.7223850021972492E-4,0.004682631217240495,0.01416315316161045,2.482457704163627E-4,0.8877162951210388,0.0013769335772719083,0.0010496267570903174,0.0028788819461584153,0.005913208570201095,0.08179878537875244
94,83471_2001-09-12.txt,0.0030228540602836077,0.039450885041131145,0.13914952603053612,2.7281086671583927E-5,0.06007334845436132,0.19993989591840536,0.1217530944308162,0.12481389493696467,0.010227411063014823,0.3015418089778152
95,83471_2001-09-19.txt,5.139025639390072E-5,3.075526758661207E-4,0.04761430482893708,0.0024075971371269535,0.01808686668334457,0.17065470028501692,0.30611471780078764,0.17192940699189616,0.020500666715010822,0.2623327966256198
96,83471_2001-09-26.txt,0.008689877545243845,0.012229241374009242,0.16687202764202588,0.006937817796805431,0.02844614729562095,0.2006839669185632,0.12423520920596522,0.12851732653363956,0.009469519821505037,0.3139188658666216
97,83471_2001-10-03.txt,0.001171086338755727,0.01767574043744735,0.05162183202640962,2.202634951870816E-5,0.03742929045699574,0.1815998310434426,0.17997422811101266,0.14026914076568006,0.029698273117762304,0.3605385513529752
98,83471_2001-10-10.txt,4.630923561759625E-4,0.0030793540247275064,0.07150302185238713,3.1410606903292113E-5,0.015961041305478228,0.2118995369427681,0.20304380448090456,0.12157981211936306,0.07242384338537401,0.3000150829259181
99,83471_2001-10-17.txt,1.4017017070841844E-4,0.002937092049744636,0.03939722824333056,0.001163096682415408,0.006613366668953533,0.1444074729015292,0.27135191870800185,0.17734511324169305,0.15867093649942784,0.19797360483419543
100,83471_2001-10-24.txt,5.1460272943120435E-5,0.003799244559580639,0.06351763420197018,1.1174645561873833E-4,9.957567879370687E-4,0.1683326185337562,0.28975664284551744,0.11851726402260845,0.1883651540377046,0.16655247828236358
101,83471_2001-10-31.txt,1.1919604099042608E-4,0.0027947915392450774,0.06752992790798985,9.147620601864063E-4,0.004137854777831268,0.13803010248063088,0.16172709483132622,0.23870123893226677,0.20484156670935744,0.18120346472017568
102,83471_2001-11-07.txt,0.002843812610666321,0.002145557303180311,0.055620547235027004,4.90406617524164E-4,0.07269461981985689,0.11170554734755629,0.10556420372771542,0.15606611033575327,0.2601143077494822,0.23275488725323815
103,83471_2001-11-14.txt,0.002356958324908422,0.011926102005871521,0.08344788334874205,2.766779299244728E-5,0.010515439479429806,0.18071435345328427,0.07262652366660259,0.07980599068715645,0.2799610156297572,0.27861806561125524
104,83471_2001-11-21.txt,1.1372103389350483E-4,5.399007554415996E-4,0.0534410789861265,8.018605436107943E-4,0.004585747010801068,0.1000757570617255,0.04939028633205095,0.27040915621808975,0.29941936147634224,0.22122313058191811
105,83471_2001-11-28.txt,5.033724472949211E-5,0.011712622622455897,0.06829528238587317,0.0037742739319072296,0.015217417325180586,0.11276647208451608,0.019055893147461745,0.15541251789497623,0.27337973520611486,0.34033544815678474
106,83471_2001-12-05.txt,0.0013613184057826894,0.0012299959053952325,0.04584721599433237,8.795376658869054E-4,0.0028207555653082398,0.11376022021742628,0.01716333479250078,0.17903626432693076,0.31324090403803223,0.3246604530884045
107,83471_2001-12-12.txt,2.7429006335167325E-4,4.274310374771646E-4,0.07221329070549716,0.002991674506680006,0.010402422343276804,0.10127610526260139,0.004777329263668578,0.22813439696070795,0.29177422178732876,0.2877288380694105
108,83471_2001-12-19.txt,0.008583594123162546,0.004520123963272063,0.06502388557326992,0.013385553869859968,0.03531783406367174,0.08892084872742306,0.005495570309363565,0.09167563210986704,0.29952527364257264,0.38755168361753745
109,83471_2001-12-26.txt,0.03908316170755821,0.003448843102146821,0.10472723265828,0.012045883008852298,0.017940283107295504,0.24704369380741256,0.026927533439013975,0.054453470625615605,0.11625474126158468,0.37807515728224034
110,83471_2002-01-09.txt,0.0024920101141394056,0.009695462351326995,0.19036553797258943,0.0027555710637600568,0.017294521640018563,0.11220185108452134,4.649168476232275E-4,0.004264465595263256,0.35992549823077863,0.3005401650999791
111,83471_2002-01-16.txt,0.002732610449034659,0.003236513993568803,0.09168314326283333,0.00974828310338735,0.027464432108484572,0.09636835222805688,0.0043394816187576225,0.08631016033387545,0.4449607136358032,0.23315630926619813
112,83471_2002-01-23.txt,7.316873595311753E-4,0.0054097809493956804,0.16462540656854832,0.0035130799297250254,0.0037155903795696417,0.12022767751496642,7.463556300434741E-4,0.0409722146379708,0.39015710513222746,0.269901101898022
113,83471_2002-01-30.txt,1.6566368480350866E-4,0.003474218413277599,0.15705053803237193,0.010070393305916742,0.029177936789304762,0.09794973996871877,6.855235624880601E-4,0.19063023384049527,0.3060372247985833,0.20475852760404006
114,83471_2002-02-06.txt,2.8109246366581097E-4,0.0012958938233079442,0.10215766911745829,3.3630565383016504E-4,0.0067610277386019706,0.13022551721885792,0.008873169580057766,0.06019196352901544,0.3906455406216259,0.2992318202535788
115,83471_2002-02-13-01.txt,0.003010538297009332,0.08526907120510654,0.02786178016488572,5.340717653861995E-5,0.6865578617369046,0.02972612602252511,8.168899939765832E-4,0.026133179327569048,0.0494357630685396,0.09113538300694496
116,83471_2002-02-13.txt,0.005957964687332741,0.04961380835395085,0.13540889821119778,0.011753606130315319,0.01735010133229968,0.07625254535987558,0.00948223201916766,0.06418242510256439,0.32878721565901287,0.3012112031442831
117,83471_2002-02-20.txt,0.022149057902191027,0.02190541883393886,0.18323434897886012,0.01551977555673771,0.013185960587440903,0.07264592099335714,5.526427882801365E-4,0.09874078153356569,0.3089955548602158,0.26307053796541263
118,83471_2002-02-27.txt,0.010068284482656332,0.0195328132039445,0.2501019254631639,0.02976740863321649,0.00570148714919919,0.1129919969215266,0.004674261576292562,0.021139139161452304,0.25027332941584957,0.2957493539926986
119,83471_2002-03-06.txt,0.00808253795958085,0.027304331141727412,0.20063098369539892,0.05453610596784546,0.01888159870597912,0.07994171574656164,0.002739504007870946,0.13681564826953013,0.19394744237360312,0.27712013213190245
120,83471_2002-03-13.txt,5.031754337713275E-4,0.017669633573812415,0.09836192219888037,0.510240828724213,0.0059759009766835085,0.04821742013690988,0.0015080826876358465,0.089894386495976,0.03928526773437851,0.1883433820377392
121,83471_2002-03-20.txt,6.652110260836734E-5,0.02399150230057411,0.13450459271424808,0.5007267869994415,2.8764819374905346E-5,0.04597584401367979,0.003100512453736175,0.09494388271984443,0.030976547260754734,0.1656850456157379
122,83471_2002-03-27.txt,6.453630751182601E-4,0.02109455944597381,0.2512190966036009,0.06665902526513766,0.00971871571366647,0.08561724279466394,5.341437755534629E-4,0.27330413989455465,0.08368519598481555,0.20752251744691527
123,83471_2002-04-03.txt,0.01819239448128445,0.005548014623780594,0.3244147397489364,0.032294955579356556,0.011310597750435478,0.06521790527185499,0.006957340696045568,0.1615841420068735,0.1123334366737901,0.26214647316764234
124,83471_2002-04-10.txt,0.010987230959882587,0.007589980238720454,0.3455243481899166,0.023365366062238956,0.010111886891685198,0.060398416651000326,0.003321058057472388,0.19631892550300273,0.07954400649115675,0.2628387809549239
125,83471_2002-04-17.txt,6.76299284154744E-4,0.020783592660308183,0.4157645136537651,0.019017455497350465,0.017874087083245647,0.07936708625939944,0.005756705344627613,0.18834995751370945,0.016264701343558258,0.23614560135988105
126,83471_2002-04-24.txt,0.0017355134582353645,0.027261943010799785,0.39488836099082336,0.01793788837139119,0.01594999553174101,0.0481482676066372,0.010862662713214264,0.25989738678184987,0.009309883403581366,0.21400809813172655
127,83471_2002-05-01.txt,0.002904629144718289,0.015389041185832522,0.4197251768072595,0.008363538353557924,0.01813270313995814,0.09705544077781152,0.005718061926754877,0.16686119587450673,0.026628271326345734,0.2392219414632547
128,83471_2002-05-08.txt,0.002691364649857767,0.035528455573663686,0.42396659879168047,0.012980984491315545,0.023497339209637126,0.12281685015850673,0.0032575130967638097,0.12392723652289091,0.016546483897212097,0.23478717360847184
129,83471_2002-05-15.txt,6.195680023623601E-4,0.05315568980524548,0.45545219863636155,0.009504353526835676,0.029146935353659476,0.1254108561959277,0.012174679173865648,0.05786496650257767,0.0046042187863155745,0.2520665340168488
130,83471_2002-05-22.txt,4.635986819079314E-5,0.12386239669002455,0.3557899184437476,0.00700485798176788,0.00910537523808841,0.10193844625886202,0.011566570823165192,0.133927079374868,0.004455424054392204,0.25230357126689335
131,83471_2002-05-29.txt,0.0011481966268292356,0.11612415749729194,0.42664569023110077,0.0012182475962929486,0.019066189307176372,0.1166395505362818,0.013929240929947066,0.05895330099428539,0.0054498206804701925,0.24082560560032426
132,83471_2002-06-05.txt,0.0038741773556373307,0.0922350048287237,0.4087468680636135,0.0018117828989681303,0.02186116239734445,0.158087828562068,0.010985008351609248,0.05301752512726505,0.005833101673417519,0.24354754074135318
133,83471_2002-06-12.txt,0.0024265914030951823,0.17281342283784942,0.28433493515988884,0.0022022254207444817,0.03460155984631358,0.12566481542803837,0.02567899643854206,0.11694037125063596,0.006752668202341173,0.2285844140125509
134,83471_2002-06-19.txt,0.014190936754791396,0.12956450910227305,0.2414850622150243,0.0018548940991030924,0.020355249756692433,0.13802968941370675,0.0024094510466083955,0.17353842514582676,0.007867032364467933,0.27070475010150585
135,83471_2002-06-26.txt,0.0028528903418525283,0.2045923399730295,0.3019005847577801,2.5747173739939474E-5,0.014402305047340528,0.1426122967186516,0.025703868548153968,0.0750905181767295,0.0047057721467292195,0.2281136771159931
136,83471_2002-07-03.txt,8.733221360313293E-4,0.1642600585254597,0.22742488822503826,0.0056678771061892275,0.011265698751124016,0.1325167668021723,0.01006781830911779,0.15509350933281887,0.02356179734929288,0.2692682634627556
137,83471_2002-07-10.txt,0.0012126616597271113,0.20097187981076658,0.2162418293003465,0.0028802519431712793,0.0048752869176023035,0.15321256254623283,0.07432114549747791,0.08644735648288812,0.006157558018217731,0.2536794678235696
138,83471_2002-07-17.txt,0.0023956915728777103,0.2410522290178035,0.28281012819872137,0.017363688783506817,0.01856735927997035,0.10564814021022945,0.056781877532988564,0.017768054256123822,0.006692275858890902,0.2509205552888875
139,83471_2002-07-24.txt,0.003383971900918592,0.19134075523636782,0.34073390752022764,0.0011362167405974473,0.025651466988112572,0.12026990471328336,0.013933578686144522,0.019872681439682374,0.007648756229253945,0.27602876054541164
140,83471_2002-07-31.txt,0.004030807507778466,0.22011430467994622,0.28304696552860564,7.135553134334097E-4,0.04579829326081951,0.14082341477918248,0.028180905350639985,0.029256622652644473,0.012342679931350275,0.23569245099559952
141,83471_2002-08-07.txt,0.002304089610186167,0.19101924477413673,0.2684714340980211,4.600762861420157E-4,0.08900426025407633,0.14652194062695206,0.0226713964893576,0.011762416523520926,0.008234393412597739,0.25955074792500926
142,83471_2002-08-14.txt,0.00191436576578362,0.187981824344136,0.292791273043879,2.165821433892232E-5,0.06821936287913732,0.07786818207352833,0.040138291408110115,0.036742816696649465,0.017759130100221503,0.2765630954742157
143,83471_2002-08-21-01.txt,2.530257900876684E-4,0.013345285068962147,0.09493213518205017,9.955420647154158E-4,0.5585767354061898,0.008489072572470587,2.8023037575769803E-4,0.004860060136756246,0.002062746282855565,0.3162051671201547
144,83471_2002-08-21.txt,0.0029802310112923922,0.20381565817349037,0.277234088541408,2.3277659228211639E-4,0.05805504540632709,0.07820206661568989,0.04940589554225647,0.009041619492110027,0.025376479488515524,0.2956561391366281
145,83471_2002-08-28.txt,0.0010707858318125896,0.1315414829462471,0.2553393331064006,1.4064612014682114E-4,0.036050685100782055,0.08137343835536258,0.11512843274474503,0.14426603453782638,0.015576042382358225,0.2195131188743186
146,83471_2002-09-04.txt,0.004765461001153737,0.12373442180665419,0.25144166066138607,2.4969050309017607E-5,0.12462004968875712,0.0546729424078926,0.08337166947195308,0.1159950159022361,0.002085056269504495,0.23928875374015357
147,83471_2002-09-11.txt,0.002637129024040298,0.0625376105204426,0.35222352272795354,0.0062394915897906605,0.015351582955144766,0.06934041850859965,0.14815063340746373,0.021286276129926212,0.007459133145975062,0.31477420199066347
148,83471_2002-09-18.txt,2.3997542585446204E-4,0.02807115946499847,0.24221227056270006,8.737282581773673E-5,0.026944432706035058,0.08494422388906,0.18401173933790108,0.13061730870127328,0.01977946264721342,0.2830920544391464
149,83471_2002-09-25.txt,9.16781041246021E-5,0.04483634621844214,0.23177278818924532,0.0015607415106017304,0.013868555977696725,0.04661975337902503,0.16650564349003258,0.23056658064704427,0.01926213173944678,0.24491578074434078
150,83471_2002-10-02.txt,5.034547268530017E-4,0.046084874979165386,0.1548762839498441,4.863678097092975E-4,0.03930201383938152,0.020761483334332777,0.19290036658617238,0.31302737053326496,0.008196274311937195,0.2238615099293394
151,83471_2002-10-09.txt,3.478753034259901E-4,0.04288570686149951,0.26405543529232445,4.7691962477387767E-4,0.049615833694046145,0.04683029428077922,0.18781036310890578,0.08430431901246666,0.043147297174054466,0.28052595564772387
152,83471_2002-10-16.txt,4.731816910303186E-5,0.0330904309284537,0.2885255491873403,2.4452917183047717E-5,3.6751458469808107E-4,0.0499410522354778,0.16989118570713224,0.13497289841787394,0.10007220644253265,0.2230673914102052
153,83471_2002-10-23.txt,7.457042413762629E-4,0.020346065892431257,0.22214494495907258,0.0032973735236007207,0.0018438847297480492,0.031091053509688767,0.16385089410422843,0.18737286330864053,0.18391970494111973,0.18538751079009366
154,83471_2002-10-30.txt,2.9614453081202143E-4,0.00409174520756032,0.24427766891169822,4.059993253983702E-4,0.04410295812009032,0.04623395404182932,0.1060472497485634,0.2135263570125336,0.17405159407149773,0.1669663290300167
155,83471_2002-11-06.txt,2.692696513788757E-4,0.006097364488719939,0.1972963467228123,0.0034598682939380953,0.008419047890734036,0.04197248440224394,0.14088134541318723,0.1830191706057625,0.19932504888772082,0.21926005364350226
156,83471_2002-11-13.txt,0.0018267348979543296,0.025583606325560223,0.2863822005582998,0.00968822299389506,0.011203209860668705,0.030430863642862894,0.09184770824632625,0.08671678457634596,0.2375063627335992,0.21881430616448747
157,83471_2002-11-20.txt,0.005495740598898036,0.030804574783322047,0.27890910137944996,0.0030443448004534093,0.010366016977814946,0.022930089308279916,0.03193259821916664,0.12403004867977797,0.2166024169700495,0.2758850682827875
158,83471_2002-11-27.txt,0.002385618623429943,0.02583771190409948,0.20355186599835867,8.79289838578959E-5,0.006947855237105921,0.02431062278912719,0.043336384850299885,0.05627067699028574,0.32517383446076825,0.312097500162667
159,83471_2002-12-04.txt,0.0023353256584320945,0.03805650656623102,0.20722815763893088,6.471564772046136E-4,0.004912846432018754,0.021739745263397593,0.011034161724474545,0.15586399478211693,0.2596380238752963,0.29854408158189727
160,83471_2002-12-11.txt,0.00102952009243827,0.040154662063205,0.23572716071194522,9.250966186606078E-5,0.008437712049168503,0.00781255582140852,0.020075108804196218,0.13794410985133088,0.24137764513507753,0.3073490158093638
161,83471_2002-12-18.txt,0.0027505405207403706,0.0210042401055912,0.2718160630590471,6.359115032625841E-4,0.0033727073266207165,0.04272331507778587,0.01928748555167472,0.07774860541107882,0.27244229486643673,0.28821883657776187
162,83471_2002-12-25.txt,0.011551866445444967,0.05172847820202518,0.2410473053327714,4.3645174734917546E-4,0.02897685321914155,0.012720262679364125,0.01205899030629656,0.01879918369547168,0.2207668722217154,0.4019137361504199
163,83471_2003-01-08.txt,0.001305302483260589,0.03217319845367807,0.2517802122818139,0.0019500748350497663,0.00708463391979532,0.03528572037545203,0.010270284999617312,0.03177158250664988,0.3279147355563123,0.30046425458837084
164,83471_2003-01-15.txt,0.0013985541074467184,0.04063591410764886,0.1419592658003381,9.361838652258447E-5,0.013889266554288621,0.05242175709648014,0.014251888820373136,0.13110801745694384,0.42425897350514474,0.17998274416481322
165,83471_2003-01-22.txt,0.0022184911860693777,0.02890895114463449,0.2582305675597272,2.815925161311421E-5,0.005292221086596525,0.02748511556365228,0.0014225438974771918,0.11305241975574366,0.32632043771838903,0.23704109283609714
166,83471_2003-01-29.txt,0.02793130129375381,0.05451776964107593,0.18568681157012384,0.002537963904975935,0.007837341848781458,0.03248821351778133,0.02081259621812133,0.10308478528450166,0.3167625097328506,0.24834070698803412
167,83471_2003-02-05.txt,0.008973355563601283,0.050745164420703405,0.16762181052769523,0.008764772868213314,0.006251382154138596,0.03165340046305241,0.01317522179391529,0.1252042622534001,0.30905564794021034,0.27855498201507006
168,83471_2003-02-12-01.txt,0.001131404435389885,0.07755533060600224,0.07222478086620149,5.681935110079864E-4,0.6402875635476227,0.00782037352832004,0.012231475315248132,0.014698253580084255,0.07988046597788523,0.09360215863223795
169,83471_2003-02-12.txt,0.002439258877085665,0.0634927966550529,0.19446940908658633,0.1008492767660927,0.007945897077646662,0.023418798103216894,0.02636392848316093,0.13938596997919567,0.19209069727404393,0.2495439676979183
170,83471_2003-02-19.txt,0.00232180386812868,0.06030265806555212,0.20887641579198413,0.01936456025624463,0.013114046407090688,0.014118398488652805,0.012415417048184607,0.21244620307970719,0.23198377389604438,0.2250567230984108
171,83471_2003-02-26.txt,0.002956018714003122,0.018194835217879127,0.19869904313080108,0.025675604566264124,0.0029628650564403527,0.030538953765278373,0.0054195376209748,0.2304682326822752,0.28010719813086615,0.20497771111521768
172,83471_2003-03-05.txt,0.011200093572807147,0.05195660932552217,0.3392755909796929,0.0315544272500404,0.015379092038522321,0.0637667944466479,0.006640969841045265,0.040259361102537645,0.18805938523117982,0.2519076762120044
173,83471_2003-03-12.txt,0.021253575784653,0.07171660690791193,0.33695506565935124,0.04950145381019045,0.006796242102810999,0.021847056271011946,2.2821485359697714E-4,0.11586666695019869,0.14235211114162896,0.23348300651864573
174,83471_2003-03-19.txt,0.007873584328528353,0.031105986905566818,0.2764974973096808,0.054451083117517535,0.033052689188686826,0.0074197460777245,0.009558877270918073,0.23611953943663916,0.11335127255205853,0.2305697238126793
175,83471_2003-03-26.txt,0.007313467856429258,0.027488582915750254,0.3271575321343144,0.05587305814082032,5.14544031053809E-5,0.026317356090477653,0.031283122160646534,0.13645883709974752,0.12861637273848078,0.2594402164602278
176,83471_2003-04-02.txt,0.021595083626218835,0.04640634486106524,0.40588459075233957,0.020474461486655618,0.02150471657547743,0.023601839722836918,0.005336819052306521,0.08761073683020838,0.11036287257374491,0.25722253451914656
177,83471_2003-04-09.txt,0.010217626602275202,0.04458455709949135,0.4138813572492408,0.02997689463353729,0.022746607293432593,0.029017294821645948,0.004466648852336375,0.18960494224214297,0.03437167084671535,0.22113240035918205
178,83471_2003-04-16.txt,0.0014516531895765975,0.06904834509115433,0.3893094039807363,0.013593910875000106,0.01704636851661576,0.03580198952836178,0.054881444071240924,0.16272833775181764,0.029368519254282768,0.22677002774121374
179,83471_2003-04-23.txt,8.507577051161356E-4,0.012404496280780563,0.40209365287428256,0.02730237452920611,0.010164310399763284,0.04812244953037079,0.03584374701809587,0.24363584501414004,0.004178161907553489,0.2154042047406911
180,83471_2003-04-30.txt,0.005189966808980894,0.032714152469640864,0.44533831282456166,0.014782283760882685,0.05535253696475558,0.040772872245497395,0.008934815564965828,0.10303075996830866,0.04153999261667661,0.2523443067757298
181,83471_2003-05-07.txt,0.008305375273165166,0.08887023975929076,0.3539917058603466,0.022455907246030905,0.013122433481260782,0.05054595190634166,0.018912408279727896,0.2319500275243533,0.010710116810483058,0.20113583385899986
182,83471_2003-05-14.txt,0.010247480048084052,0.12656615654006617,0.3868494095939924,0.018076954796219603,0.011018853975105552,0.048417435133616286,0.012619298927981578,0.12281430519266695,0.024059808482793543,0.2393302973094738
183,83471_2003-05-21.txt,0.024107556826164667,0.12501824987072882,0.3416078040628672,0.02433640788833883,0.02269354703349308,0.08750622414155095,0.015415878565930916,0.10176260628107608,0.00537439394113571,0.2521773313887137
184,83471_2003-05-28.txt,5.232987331078947E-4,0.1460010909291428,0.39664804930042075,0.00644284017287313,0.0170114164908667,0.054579599342968424,0.010282961940234007,0.10956840838205426,0.019735956751743125,0.2392063779565889
185,83471_2003-06-04.txt,0.0019830233365171848,0.0997861208979953,0.2134790247400785,0.03003760959661411,0.0072234396259708775,0.04515984702633245,0.06899507825822372,0.3219133739414847,0.004738570331984911,0.20668391224479826
186,83471_2003-06-11.txt,0.0014920327202802182,0.24248526112208613,0.261841910582302,0.0037157065547817735,0.011853646563134649,0.07891814910606722,0.029311331220072283,0.09832425952073373,0.009853963830248795,0.26220373878029324
187,83471_2003-06-18.txt,0.008214710474006603,0.258393878638067,0.24848829757857682,1.9493821584661744E-5,0.023575552316816954,0.03744096612544899,0.007850958857943605,0.11964716539996845,0.006246906061456208,0.29012207072613067
188,83471_2003-06-25.txt,0.026188850123792986,0.2943760049460561,0.25116107838374135,0.0017607953991823336,0.033872274951197205,0.04358664351324364,0.004112007270510031,0.048003786373258465,0.013186897489956334,0.2837516615490615
189,83471_2003-07-02.txt,0.003237575838006706,0.3134451552265843,0.24745424423683648,0.0010199655488513186,0.02349323173914904,0.06839772821182213,0.014173246087069893,0.08871337317319061,0.008598061537581367,0.23146741840090812
190,83471_2003-07-09.txt,0.003538282892089977,0.3099589036083464,0.19245847150858342,0.0014612912901284228,0.02000016310356312,0.033173800109748776,0.017126103485288254,0.16955014043371625,0.02359199014210952,0.2291408534264259
191,83471_2003-07-16.txt,8.833652933501649E-4,0.25821234018725886,0.1979747542593366,2.0278608836266885E-5,0.003941006444921722,0.06524600557713998,0.030893459368362828,0.19796773433459505,0.020913448407067537,0.22394760751913098
192,83471_2003-07-23.txt,9.005806450666023E-4,0.24460272374536066,0.2602846465006806,0.003040859341638483,0.008984252282831147,0.0632578696977647,0.025207357153830778,0.15365862564289245,0.01141295640886801,0.2286501285810665
193,83471_2003-07-30.txt,0.0038478682443257497,0.2846672341425074,0.21609795532306494,0.003284190135149708,0.0133709139144678,0.05314720307379668,0.020310352466657158,0.16123208512549744,0.013125188898046678,0.23091700867648646
194,83471_2003-08-06.txt,9.895757459500354E-4,0.23217506620761455,0.2840493203885705,2.663201157784181E-5,0.08465339074727535,0.0489338009681095,0.029060234984154734,0.028040219721492864,0.0074257859097703865,0.28464597331548425
195,83471_2003-08-13.txt,4.1261175635227905E-4,0.29240543509386246,0.19119533690612023,0.001200973348459593,0.05291294996278567,0.0613893886168354,0.04378971801224589,0.13228835299224606,0.0016255381931137467,0.22277969511797865
196,83471_2003-08-20-01.txt,0.002664414958675822,0.007959727797319755,0.0836537128517028,2.240735713600193E-4,0.5828829744062606,0.0028729354008935806,6.448861819814721E-4,0.002871227936047822,8.672285534651945E-4,0.315358818342293
197,83471_2003-08-20.txt,0.002765123605728662,0.21659690536405551,0.2278883032329154,0.007775921837826696,0.047440210528384145,0.03530489775264976,0.06582543033407555,0.13566713212525017,0.0051203511997701115,0.25561572401934396
198,83471_2003-08-27.txt,0.0066373888696560504,0.28545104913293207,0.19209939208566582,0.0028384423556138145,0.05302072455583642,0.041143477706854115,0.05508764144301237,0.07329764416659287,0.011342073751746016,0.27908216593209045
199,83471_2003-09-03.txt,1.2577465930738597E-4,0.19964745589206132,0.23314709839321032,0.0012788377731778524,0.10048111883883912,0.015822544506279908,0.09343188996779443,0.08630078622244998,0.0037692545863057575,0.2659952391605739
200,83471_2003-09-10.txt,0.02520834953144424,0.1651634138539788,0.24941025857414886,9.852522044454587E-4,0.04349559875904014,0.014197134061453716,0.13150041714961902,0.10315720190415209,0.016584232416552883,0.2502981415451648
201,83471_2003-09-17.txt,3.4511140173586376E-4,0.07619919124759604,0.1805577623345127,0.0011477138345472352,0.009196350690381725,0.03499030576001135,0.3265565817389458,0.0723914570013916,0.009150272556965084,0.28946525343391255
202,83471_2003-09-24.txt,0.005548822626367046,0.06366857710696394,0.15426482361417612,0.0034486981539851467,0.023314582087788423,0.004643734934434686,0.37552447001623884,0.1219222377275468,0.010905976791856268,0.23675807694064271
203,83471_2003-10-01.txt,0.004617781406505734,0.07519748813325763,0.16524597531549906,0.0027357827804695128,6.735379995287794E-4,0.02764467660809472,0.26897219037289466,0.18352144675743132,0.01604322239391908,0.2553478982323995
204,83471_2003-10-08.txt,7.875683505356891E-4,0.047489064116186856,0.14446646199644453,7.076858658670264E-5,0.03406538265537661,0.00608434912554173,0.3204764498784472,0.20038298749108135,0.03311547082559961,0.2130614969741997
205,83471_2003-10-15.txt,0.0010668029643412296,0.06364562709050461,0.15110754517474193,0.0031039924973343073,4.3006253135704993E-4,0.0074416162295090574,0.26089878220959534,0.22376564233039495,0.05654374645287964,0.23199618251934187
206,83471_2003-10-22.txt,5.496488895243056E-4,0.06659296435311853,0.2036174675729472,7.510212556005552E-5,3.25848590667631E-4,0.014869632940478054,0.2217507514352551,0.1333337043810191,0.12024327205592147,0.2386416076555086
207,83471_2003-10-29.txt,0.001888678334166806,0.09206743550531833,0.18405660193587187,1.8663210035215014E-5,0.006435790496492648,0.005846065927459155,0.19121904140562335,0.12733778891632813,0.14348876416157966,0.24764117010712483
208,83471_2003-11-05.txt,0.0010072526839656009,0.03779797561424445,0.1571113133462544,0.0048812456294047325,2.68557816681567E-4,9.626935171906093E-4,0.14073907931300225,0.20213427604450976,0.2225183159069159,0.2325792901278307
209,83471_2003-11-12.txt,0.005211371578784027,0.07372818734421967,0.13468306066942912,0.0022962016957877142,0.007492209443787388,0.0050887606854596555,0.1369476144245628,0.26977750916817783,0.1458603531955906,0.2189147317942012
210,83471_2003-11-19.txt,0.009815547052242765,0.07778836742249003,0.16277351929599562,8.610020298687913E-5,0.02779856634866217,0.01330739345310062,0.049783383375950514,0.13862192856666108,0.239547466417082,0.2804777278648283
211,83471_2003-11-26.txt,0.008683681696182164,0.09030560387649991,0.1917699937918542,9.000966962082229E-5,0.016097441195751308,0.015077644435973946,0.025088316840223834,0.05561313923049705,0.25906659236417584,0.33820757689922093
212,83471_2003-12-03.txt,0.013887122997260968,0.06186740554937311,0.1343502967983366,0.0010085778326119552,0.0018359422982990408,0.004069945581168029,0.03207559530680645,0.2369802109825364,0.21826222867025483,0.2956626739833526
213,83471_2003-12-10.txt,0.007587905212947924,0.08902024993351591,0.13817328192033315,0.0027232919629721756,0.0021979910445598405,0.01697086300562619,0.009188951584411426,0.11951326817623226,0.26945995295889025,0.3451642442005109
214,83471_2003-12-17.txt,0.010499387478823164,0.07580111542173529,0.1420612115873153,2.09379954133497E-5,0.008628148659867925,0.017956107506102704,0.013192713854320904,0.12281232263529596,0.2749529217353317,0.33407513312579373
215,83471_2003-12-24.txt,0.03707665049502083,0.13439813252738958,0.1291813197368928,0.001488693825428647,0.036826925231706414,0.003245654130391471,0.003817271331160755,0.0054800708309316395,0.24036927447024617,0.4081160074208317
216,83471_2003-12-31.txt,0.021154039358762564,0.05659095109428781,0.10234034556393125,0.220957594556303,0.024283781696246922,0.028897481063619772,0.027192016078780853,0.16856456526704572,0.0727733024122787,0.27724592290874345
217,83471_2004-01-07.txt,0.00121296939708054,0.15442544955237175,0.14263391212440943,0.0018898654208014377,0.009226406832280943,0.014522488613512107,0.012342180518068907,0.17099801195499847,0.229007223401011,0.2637414921854654
218,83471_2004-01-14.txt,0.0036349025079967907,0.21904472542673503,0.14105952636222352,8.546871672009508E-4,0.028974509578816525,0.0047565708972933584,0.02017121283219168,0.012373429478221514,0.3202291981387941,0.24890123761052654
219,83471_2004-01-21.txt,0.009013904934056547,0.13351232441057664,0.10857715311998002,0.008920439547670333,0.006560805279432882,0.014093723289795856,0.004468948973769591,0.06096946500753142,0.3804429513313419,0.27344028410584476
220,83471_2004-01-28.txt,5.117701101332075E-5,0.1827162022143186,0.11914430776808775,0.008748927276015133,0.015386602210607742,0.00489691397529916,0.007179263413218716,0.23295081645094942,0.19164720019287407,0.23727858948761607
221,83471_2004-02-04.txt,0.04701595434824131,0.14909298880908137,0.1507671873812249,0.007046996821892987,0.0010809425251979742,0.014176710972811557,0.0023264567061396105,0.12658380287585197,0.21593582762966593,0.2859731319298924
222,83471_2004-02-11-01.txt,0.0033199266886896244,0.1397621998965665,0.03316775952983207,3.456548429091581E-4,0.6352299706156195,0.004168380921865794,0.0015215899819103343,0.02918834678430792,0.02504340356289269,0.12825276717540635
223,83471_2004-02-11.txt,0.0290200384698972,0.14346079395932404,0.21438620627569582,0.005803381102922502,0.004441037265259077,0.004304338999276826,3.495259203111346E-4,0.148963188945246,0.17642168790951768,0.27284980115254975
224,83471_2004-02-18.txt,0.02575644306386708,0.1472902292957658,0.1965218616572554,0.009712885161381527,0.005622228155027805,6.298203838767145E-5,0.0012799338381168598,0.13853184286619827,0.23147535821253118,0.24374623571146842
225,83471_2004-02-25.txt,0.028866235227352276,0.1575967632716921,0.1383743609357233,0.022435983123804955,0.010093488475464561,0.026683445247423013,0.0013737816789027135,0.22590207684031657,0.151730098236413,0.23694376696290753
226,83471_2004-03-03.txt,0.04042219877435525,0.16753978072868606,0.12474015011578019,0.05299447750744177,0.00253587356458017,0.009173428102933747,0.0020543551484461073,0.25720269248678507,0.09859637410459916,0.2447406694663925
227,83471_2004-03-10.txt,0.032927158097101665,0.16409799652344434,0.1549037418165194,0.03783534771518771,0.002283877680600461,0.0012045595876535465,4.336174474335081E-4,0.207556799513158,0.13450234159299343,0.2642545600259079
228,83471_2004-03-17.txt,0.009143250868326637,0.132484079927157,0.2727380231386563,0.054184452202366444,0.027257674130030263,0.011840748402522087,6.314625339371993E-4,0.10570487275816282,0.13836787649570373,0.2476475595431375
229,83471_2004-03-24.txt,0.015495257757172094,0.2151422913936071,0.28809285087953485,0.05962032948947494,0.00781754216070759,0.004848085629833393,3.745770859120336E-4,0.07393142669805637,0.07912751283658218,0.2555501260691194
230,83471_2004-03-31.txt,3.7649401325426585E-4,0.19969790199886844,0.2967252355919758,0.05087560685788616,0.004883504465880639,0.010065154517844828,1.1936526322837008E-4,0.14764740929811312,0.05482350331058664,0.2347858246823617
231,83471_2004-04-07.txt,0.023882193878478942,0.17140313195758056,0.253470669002167,0.02626726237433625,0.013316084503924573,0.006356435085770726,0.0025693993563321374,0.20487140725123731,0.038386423712337546,0.2594769928778348
232,83471_2004-04-14.txt,0.018857068084172274,0.21949038007007432,0.32634000799511415,0.010153015373414185,0.010356991940167183,0.01772428516097208,0.011085873420076444,0.14850281725201836,0.01345667734973348,0.2240328833542575
233,83471_2004-04-21.txt,3.141262746865947E-4,0.2852189875742965,0.2670240840619363,0.0046605482163325305,0.038389297596922375,0.007151632645682369,0.004419342964957486,0.08745076585619281,0.034458580386218865,0.27091263442277425
234,83471_2004-04-28.txt,0.015124530052570322,0.20468324721485887,0.3024788471721697,0.009908116245616652,0.013399201011444832,9.976168830823518E-4,0.010735367495238953,0.19142061098932883,0.007943027263584031,0.24330943567210545
235,83471_2004-05-05.txt,0.02955673566758979,0.25532891569956384,0.26783450981795714,1.9996845495398462E-5,0.02706527285539145,0.0267535600356369,0.004019628408085861,0.10730323367179591,0.01543639726421543,0.2666817497342682
236,83471_2004-05-12.txt,0.017538610993003207,0.3021738708974911,0.23700827928184992,0.0020552547980292636,0.004914043312563925,0.013489501284456097,0.010291903782749339,0.11352094874754332,0.006902000947624585,0.2921055859546892
237,83471_2004-05-19.txt,0.014900295459509381,0.29679109692236666,0.23452586813118878,0.003531049777678395,0.03734172414744894,0.019940214998398865,0.0047455733434195735,0.14439519541776294,0.0022749616624602354,0.24155402013976618
238,83471_2004-05-26.txt,0.009159708591424707,0.30659577502180835,0.29188931675352814,0.0034584330151147284,0.018984637077756394,0.03274000190556537,0.004472876941617935,0.12208908702874921,0.003582336120478266,0.2070278275439569
239,83471_2004-06-02.txt,0.0025950365900253005,0.34495909654716883,0.25049350556201866,2.0463303268735086E-5,0.02415831316069769,0.003657916512008531,0.005423873883074306,0.12690803132239642,0.008785400262501976,0.23299836285683953
240,83471_2004-06-09.txt,0.009087355037133527,0.3533189593474314,0.19168365989753824,0.00534650658627572,0.012558503727224436,0.018727692545484714,2.4237466832671272E-4,0.1414924389053119,0.010337126949486034,0.25720538233578727
241,83471_2004-06-16.txt,0.010610317349450778,0.38225081004454164,0.1643194809509874,1.794987347095713E-5,0.018087335616917187,0.018554719133309267,0.006596911893368062,0.1689113467570007,0.003912907268824728,0.2267382211121293
242,83471_2004-06-23.txt,0.022724872969426126,0.358843063179326,0.12445818924545352,0.005302717348182838,0.0127982950070411,0.006931952394904116,0.004900365049569366,0.20555845780216114,0.01628949869550942,0.24219258830842635
243,83471_2004-06-30.txt,0.002741627148200971,0.47792586292851463,0.17609915597575826,7.940744733324782E-4,0.014991931545506777,0.014694070235414575,0.01392029215465605,0.03571502061218733,0.011402472438041936,0.251715492488387
244,83471_2004-07-07.txt,0.0038385812682577057,0.4260466429337255,0.10392080421596998,0.003119527194383257,0.012976812219917823,0.03233301178712959,0.0092688094457486,0.13424696625728225,0.010685104047259352,0.2635637406303259
245,83471_2004-07-14.txt,0.007419097448090834,0.4071279707625135,0.10263487239945954,9.65980283859161E-4,0.01436411454223074,0.036704605105957674,0.030771518738696647,0.2068448720661035,0.008773831302533239,0.18439313735055515
246,83471_2004-07-21.txt,0.01906204027614618,0.426169682575113,0.08918516995570272,6.044439785401021E-4,0.012869837832539097,0.030570238856979973,0.007255741005953681,0.16514191548883494,0.0072807181918601565,0.24186021183833015
247,83471_2004-07-28.txt,0.007106406325646665,0.4199047498204322,0.10896424199037225,0.0011409144665517567,0.01634499927230055,0.017753057198908902,0.0026421850141099394,0.19092866380946383,0.017630899471336264,0.21758388263087763
248,83471_2004-08-04.txt,0.0010900975702470225,0.40411582557151315,0.14148445756645267,0.002102673232337604,0.011562633685053244,0.018319939181884938,0.03509400524457544,0.1224481922597863,0.012720269733423117,0.2510619059547265
249,83471_2004-08-11.txt,3.92306923807629E-4,0.39834724896266177,0.1182258668351341,0.0018418800158038259,0.07795936028516126,0.028828083225985925,0.018604567977488416,0.06956780059555556,0.0019655489418991577,0.28426733623650235
250,83471_2004-08-18.txt,0.016164492052299376,0.41630214528324294,0.14809370950995307,0.004177266579256048,0.03273750439250047,0.013091728997227907,0.014663505847527496,0.0896286152373929,0.010713928318532611,0.2544271037820672
251,83471_2004-08-25-01.txt,0.002614185915648596,0.05112560876964023,0.07248164831018356,5.5902317247542026E-5,0.5464345503833274,1.4777254237254228E-4,8.550544432282335E-4,0.0035469973148475127,0.0035941535435475517,0.31914412645995677
252,83471_2004-08-25.txt,0.003202321459961988,0.41475823283332486,0.1260579925735162,0.005537111158858513,0.0354977179351496,1.9007288246684627E-4,0.03819408866420397,0.096990276309245,0.014400995904165954,0.265171190279107
253,83471_2004-09-01.txt,0.006711215612352694,0.2851953592524865,0.06015174623531668,0.0020592269212951703,0.03569035088598136,0.011911185858667512,0.08790368652777668,0.2162201414305811,0.0011081380643669474,0.29304894921117536
254,83471_2004-09-08.txt,0.02437724531293608,0.289651690086468,0.1552339290152937,0.002928391724217249,0.07508445918131287,0.007285252633259788,0.08066329238415813,0.08851465904815546,0.0075405933894385595,0.2687204872247601
255,83471_2004-09-15.txt,0.030036910988277408,0.22047445534499294,0.1445607617285837,1.8088144808493854E-5,0.026972396115294242,0.0036387764123999695,0.1331422649085713,0.16366768542916754,0.0013946244357234225,0.27609403649218095
256,83471_2004-09-22.txt,0.013038239016346917,0.2316764280057391,0.14201041168260137,2.1251447674021883E-5,0.03890245957371149,0.008017760311940524,0.12110976776570084,0.11934316178030925,0.019330929175647518,0.306549591240329
257,83471_2004-09-29.txt,0.007472385897913467,0.26404196371204197,0.06842214884436332,0.002364309294953848,0.027296835264168918,0.0032021240542372247,0.15391291645640875,0.1817015297550623,0.026184406555725043,0.2654013801651251
258,83471_2004-10-06.txt,0.015650279092889782,0.16046183385925053,0.06867301473925046,0.003845113288341751,0.017720632536856948,0.0018051252722899192,0.21846481638739074,0.22290078345326406,0.02751503356851454,0.2629633678019513
259,83471_2004-10-13.txt,0.01606585948605239,0.20262928149789575,0.07610611904021468,1.0058600082311686E-4,0.008561158616272295,0.002592677362858128,0.15665244913393286,0.12599601287581252,0.045075378129302374,0.36622047785683587
260,83471_2004-10-20.txt,0.019770584842706405,0.2568093402488499,0.11883717665357968,2.150265016300082E-4,0.0073179188493135644,0.00258756363620469,0.11510382668076272,0.009189093523624623,0.12749991363673968,0.3426695554265887
261,83471_2004-10-27.txt,0.017408488710112392,0.3079777541483971,0.12516042584282053,0.00529806872206404,0.0013541793137194637,0.002906132137102325,0.1034086225690254,0.030242424413576732,0.11186950988737844,0.2943743942558036
262,83471_2004-11-03.txt,0.030124650874861204,0.2304677129100003,0.08242383476560983,2.4183445873709287E-4,0.024874387446123084,6.027359195147756E-5,0.09635821368129119,0.06314103982818366,0.1732608485777773,0.2990472038654649
263,83471_2004-11-10.txt,0.01681212780526868,0.24300984495860145,0.06570323864720938,0.0019279883655760933,0.021816835292476272,0.0022248423194149844,0.05056555297058136,0.13561392630617655,0.16562421359138746,0.29670142974330777
264,83471_2004-11-17.txt,0.012195111395025365,0.26421791822083024,0.07477579338947617,8.669173929901125E-5,0.016693152993827322,0.0014418129412353913,0.02522048597147461,0.10046630661156937,0.1964040059670511,0.3084987207702114
265,83471_2004-11-24.txt,0.026777317756983308,0.2031000353132677,0.06398227963450048,1.725657801813187E-5,0.05551540080526522,0.001592785364923972,0.01208874145555787,0.08408950567110063,0.22649888635695425,0.3263377910634284
266,83471_2004-12-01.txt,0.023652447397224625,0.21015680000558312,0.043627702182568305,0.0013510399621370207,0.007096561600578128,4.5398985701140007E-4,0.011758024607339712,0.12709480909495458,0.2077930670534994,0.3670155582391037
267,83471_2004-12-08.txt,0.046679185905334555,0.16287096933988246,0.036700386613149505,0.002298018920873838,0.0028917217376622476,3.053837041246447E-4,0.00808633803077647,0.11326822432303865,0.28023035443619165,0.346669416988966
268,83471_2004-12-15.txt,0.020753557452445108,0.22272370530865435,0.041098772282438654,0.0017239470718550128,0.008320894124740153,0.0015318089460394314,0.0012189868204383338,0.09424833986843484,0.24161194275810283,0.3667680453668513
269,83471_2004-12-22.txt,0.025684871742787295,0.1666090019212066,0.016446389045271768,7.849434693382825E-4,0.035655020211604806,0.0037633943030416627,0.002109536037294111,0.08342285292440686,0.2759550833492716,0.389568906995777
270,83471_2004-12-29.txt,0.021154039358762564,0.09159523183067968,0.06733606482753939,0.2559618752926949,0.09429234316903065,0.028897481063619772,0.027192016078780853,0.20356884600343758,0.03776902167588683,0.17223308069956783
271,83471_2005-01-05.txt,0.015530212822910533,0.255969314421602,0.038859890338548767,0.006267893661241949,0.004884807593386784,0.001899663958558662,0.0018123837219748999,0.19198556023603325,0.1873468649343569,0.29544340831138627
272,83471_2005-01-12.txt,0.008085641472831084,0.23630645554781737,0.005900084453549701,2.0265449938475166E-5,0.020874878774895494,5.356981977099758E-5,0.016467713637363154,0.16785984478017968,0.323938676637331,0.22049286942632304
273,83471_2005-01-19.txt,0.023593416720142434,0.21633549558397505,0.03686759005107265,0.004415971579365572,0.0034121952607237957,0.0011553172562157178,0.007469105113793826,0.20096830355187292,0.20799017085355065,0.2977924340292874
274,83471_2005-01-26.txt,0.023115165460724795,0.25420420985359027,0.05435121678461055,1.8966979714422464E-5,0.02020542132579014,0.003572639679405963,3.5084242206408586E-4,0.12175805592832648,0.22070778228786586,0.3017156992779074
275,83471_2005-02-02.txt,0.016544888568298464,0.2323832843835438,0.06658880884552093,0.006786713816258828,2.002098839968853E-4,0.008980261717421749,0.005260430515439834,0.1883981376287406,0.21680956216021174,0.25804770248056713
276,83471_2005-02-09.txt,0.06394097279867896,0.2432757193674226,0.02139834742549288,0.0069094687460933045,0.012359699858844485,0.0026723595110436336,0.008706133009411261,0.1715176614831511,0.20781516906700492,0.2614044687328569
277,83471_2005-02-16.txt,0.10965837812304448,0.17904443796178807,0.03239870465402335,0.002016029904777739,0.0054396285622323425,7.252623787761074E-4,0.005445761194289318,0.18835967856346844,0.19332466134120946,0.2835874573163907
278,83471_2005-02-23.txt,0.05142327648945261,0.23165954988973902,0.04732199043646155,0.008198893313715955,2.0204190960272363E-4,0.001487000962169452,0.012583983862584159,0.15967033147088808,0.190366851712538,0.29708607995284847
279,83471_2005-03-02.txt,0.03857139830482166,0.2680827848595896,0.06795925131116735,0.02820718427237835,0.012335929705990078,0.002070561330433591,8.175753544530137E-4,0.11849126952101263,0.20702314685827317,0.2564408984818806
280,83471_2005-03-09.txt,0.03780947941837441,0.22798271866207537,0.1260918454959297,0.04984984365820463,0.0021663579044438196,0.0013136833384603127,0.0034971064612900394,0.20473787447859454,0.05732200833548671,0.2892290822471405
281,83471_2005-03-16.txt,0.041566725448905106,0.19542865786169292,0.1664965645555449,0.057656569845404175,0.02602716251777915,6.536450802311812E-4,0.003963843256275945,0.17775417097666626,0.09510345906940212,0.2353492013880982
282,83471_2005-03-23.txt,0.04451810319133971,0.275743798644357,0.11780185308038424,0.054212415472532305,0.0010574405849864933,7.79064331723181E-4,0.0015671773789618685,0.16953719002808926,0.08125461213666611,0.2535283451509598
283,83471_2005-03-30.txt,0.0660974110901136,0.2949480270402575,0.15323778387478101,0.041475229226496706,0.0067476606421900355,4.3825552560783506E-4,0.003669480568020042,0.05354988930426371,0.06808909966806961,0.3117471630601999
284,83471_2005-04-06.txt,0.06405100697180119,0.21410953828203413,0.2934190031256382,0.01554946155410449,0.020876381380540272,0.005670601061662146,0.00674071915705229,0.10718148165401581,0.009537472618572603,0.2628643341945789
285,83471_2005-04-13.txt,0.06348434893316385,0.22018764909486305,0.268863050440287,0.017504219413670856,0.012293905814545342,2.021147862237459E-4,0.004214847888053851,0.13228406048388808,0.028745319251811192,0.252220483893493
286,83471_2005-04-20.txt,0.05987995167521879,0.23051176996339764,0.18396665848897353,0.026446685859040673,0.0016957483267509266,0.001005334501153263,0.017646070638596544,0.2548548885441928,0.004832999054134178,0.21915989294854166
287,83471_2005-04-27.txt,0.08385457500630014,0.27549099815652195,0.19869705198440374,0.0019073598219734014,0.01179867425749247,0.004801584695487407,0.0018138273391598678,0.14606070836651108,0.008471867170584109,0.2671033532015658
288,83471_2005-05-04.txt,0.0422202258595079,0.2851465264430359,0.21088443506857926,0.005407752577198922,0.014527524258735347,0.0029955120377818524,0.01893998762325311,0.18352765177491062,0.004691964060560121,0.231658420296437
289,83471_2005-05-11.txt,0.04147923738869207,0.28959085395894973,0.13343340324351866,0.0034659384103560916,0.006465088110949449,0.0074127812760006505,0.014779867538042576,0.24574931904355965,0.014900194470171905,0.24272331655975923
290,83471_2005-05-18.txt,0.04657958125842482,0.3495815508076659,0.12032268227134939,1.7945747672158125E-5,0.010095851264392355,0.006081030210311851,0.006825246721157724,0.1912830080013565,0.007704551618049582,0.26150855209961976
291,83471_2005-05-25.txt,0.054121033045321745,0.3415949126835466,0.10127416030828341,0.0033683192713850757,0.010405498694856317,0.01553147914852243,0.0031449443111372798,0.23040909105872254,0.008471230923968861,0.23167933055425574
292,83471_2005-06-01.txt,0.05663315261981003,0.3589132292981817,0.09519830010566292,0.002352836289282201,0.010125205067271163,0.01591974194105144,0.007368588905580841,0.18423569838315784,0.006694375881217603,0.2625588715087842
293,83471_2005-06-08.txt,0.0563988271812897,0.41418641201244866,0.05816860691441963,0.0026114808851293906,0.007170877487466574,0.004847291293260339,0.04151031644164037,0.13259524721721053,0.008361896471136639,0.2741490440959981
294,83471_2005-06-15.txt,0.05415938652607826,0.43227537803451616,0.10139724234352515,0.00260823701055145,0.02087793614750044,0.014598523630952326,0.008801123244550712,0.12191753792901996,0.014922359019560853,0.22844227611374465
295,83471_2005-06-22.txt,0.07641342597012192,0.42235690978689366,0.03676317721670907,0.003438933621718773,0.013977925360538448,0.009148519261187255,0.0029528539999411963,0.17453982803957438,0.003359377824247974,0.2570490489190673
296,83471_2005-06-29.txt,0.06010942253089565,0.43872150218814804,0.05667335819399632,0.002421890775578821,0.023765104853672517,0.01946879962895793,0.012336402446954504,0.10840361228978855,0.0019113360220525224,0.2761885710699551
297,83471_2005-07-06.txt,0.053864374177988054,0.4782025212817055,0.032689334184739065,0.005996872439605262,0.0622468269212067,0.015486167695794962,0.006483707894981829,0.06787036667309615,0.003036106435181156,0.2741237222957013
298,83471_2005-07-13.txt,0.045192595624990464,0.47006054136993203,0.0273641742356199,0.006080607889403569,0.03827843305347589,0.016896015849942412,0.02373472864268418,0.11717390234064522,0.008736355298125761,0.24648264569518055
299,83471_2005-07-20.txt,0.058463397659527565,0.46067857001842566,0.024401023573237535,0.00493123169282477,0.02683956335887662,0.017170415884059206,0.020673662396428403,0.1637482496268333,0.0021796707131353683,0.22091421507665157
300,83471_2005-07-27.txt,0.046490324110915186,0.3821770738574089,0.03283822124518748,0.003421087931196784,0.016432265303459606,0.003280031680957647,0.03651688017119477,0.194605764259551,0.005279708685081754,0.27895864275504684
301,83471_2005-08-03.txt,0.06238428986250909,0.43073836152980693,0.014142595425508386,0.0018848020414664946,0.03142592897926143,0.016964416774654066,0.06805774315920993,0.09587330948422904,0.02288696512294398,0.2556415876204106
302,83471_2005-08-10.txt,0.047923497783362544,0.40476035618102757,0.082280421150637,1.131922545684216E-4,0.11581367746916807,0.0022275749357473355,0.049663470554256246,0.007315741102479414,0.01432509680161712,0.27557697176713625
303,83471_2005-08-17.txt,0.04464015820475881,0.4309473944477004,0.08896857940803089,0.019156160250878258,0.043337149859730154,0.0036248441377013615,0.057747837231326565,0.08343165934838441,0.008954084947558165,0.21919213216393094
304,83471_2005-08-24-01.txt,0.0360687428409871,0.05103274487867235,0.05299165178327115,2.0887988903230728E-4,0.5231449578804216,4.4974306307072075E-4,1.2364684996710905E-4,0.0037907336158037397,0.01147285372627339,0.32071604547250054
305,83471_2005-08-24.txt,0.032539064429743005,0.40113515479787626,0.06814903645844547,3.819171176278362E-4,0.04570190393245536,0.007464325407919522,0.07834728043782387,0.09330379977095482,0.005613329134713946,0.2673641885124399
306,83471_2005-08-31.txt,0.05043940330769244,0.24211568607195502,0.03525676021471751,0.001599875309029422,0.05801654542758329,0.0010072880466301763,0.1340246780342229,0.2003674133076536,0.009780370045680173,0.26739198023483546
307,83471_2005-09-07.txt,0.07699387682556985,0.282915841858587,0.05270442056043749,0.0031384996627208386,0.11876610695528449,0.0018580374110435415,0.09792347479484276,0.07222930802421326,0.0021526466977734486,0.29131778720952733
308,83471_2005-09-14.txt,0.0626432158517174,0.19453336166319202,0.02116507078345555,0.005190915618742391,0.035705386369394736,0.0017937404594751873,0.21126221426778943,0.18919276432075224,0.00343279204528909,0.27508053862019194
309,83471_2005-09-21.txt,0.057365055016930684,0.11923384761439361,0.01008023959044605,1.3343638467252536E-5,0.004430491422678969,6.76173189400322E-4,0.35577571194781166,0.1861523593877997,0.00538693913473903,0.26088583905733276
310,83471_2005-09-28.txt,0.11448737030789001,0.20096531282367947,0.06610579136180116,0.0010116063201497483,0.012287161576273685,0.011005341669836712,0.26108583783530626,0.03722124798475148,0.007225083939778445,0.288605246180533
311,83471_2005-10-05.txt,0.12026167494990453,0.1733537706206902,0.004735776409097616,0.0025664164811855833,0.031267834759579886,0.005559515519438404,0.21045610893846753,0.09135835837269125,0.04456350283162659,0.31587704111731835
312,83471_2005-10-12.txt,0.12286638065765744,0.17013796097734937,0.022459871950021283,1.4632445198665178E-4,0.03162104662710148,0.005557675291176538,0.21925403732428445,0.1178805589814114,0.03227823383210251,0.2777979099069089
313,83471_2005-10-19.txt,0.11329316010752115,0.11848664481332218,0.05133717892096612,1.6226778049806216E-4,0.0025324465619035712,0.012385778318428168,0.27408490875238545,0.15837377991016402,0.05629272057411722,0.21305111426069404
314,83471_2005-10-26.txt,0.12971645268165644,0.10592942055419162,0.030862204308737595,1.3990419646905273E-5,0.001151020687259961,5.297572116930906E-4,0.15772275080817225,0.30820000466092723,0.0586437450555918,0.2072306536121231
315,83471_2005-11-02.txt,0.11178062691756725,0.10344859335197955,0.006744022398022055,8.33895429425897E-4,9.045152998280128E-4,0.007556937247650523,0.17022034383341975,0.245932000827672,0.12734556817105364,0.22523349652338134
316,83471_2005-11-09.txt,0.10271745461498852,0.14321356721883555,0.027063135075910252,2.378234382753073E-4,0.015774020167647354,4.182741289943448E-4,0.20403970263116358,0.020521568647642322,0.20585639907969458,0.2801580549968482
317,83471_2005-11-16.txt,0.12735415443845163,0.13472616688938607,0.006719679014106529,0.0020246461187571085,0.00243726823644567,5.337931011109505E-5,0.11023046983807444,0.18303986982232986,0.1655987671310564,0.26781559920128123
318,83471_2005-11-23.txt,0.15456562580671032,0.12448964426649038,0.016452190415918035,1.5813110141747332E-5,0.03988409974825808,5.987746864148456E-4,0.030166574869390176,0.18607068031294902,0.17752687018584754,0.27022972659787986
319,83471_2005-11-30.txt,0.127681547808152,0.1283279832575998,0.03834593713258205,0.002990095810586989,0.015798344851497746,1.1786379183270308E-4,0.018838205118015545,0.09838324291213249,0.22365392317630423,0.34586285614129647
320,83471_2005-12-07.txt,0.13613159841705053,0.10662527357195216,0.0043665170295776184,2.0076547144732874E-5,0.011937445052926472,0.006931636427593251,0.012842785334212948,0.13858803166414033,0.25354773284655424,0.32900890310884773
321,83471_2005-12-14.txt,0.17580468288812365,0.11904091049423315,0.0023917328812852233,1.7816748873446287E-5,0.0182954898930355,7.887433473440501E-4,0.01567594231093305,0.15539293065115595,0.19511456929705892,0.31747718148795706
322,83471_2005-12-21.txt,0.18530155089224104,0.06712043897155702,0.005524520294460851,0.003446584845013178,0.005157630435068992,6.163430655930538E-4,0.008549416621014761,0.19908619649322343,0.19419413728250917,0.3310031810993185
323,83471_2005-12-28.txt,0.021154039358762564,0.09159523183067968,0.06733606482753939,0.18595331381991115,0.024283781696246922,0.06390176180001164,0.027192016078780853,0.23857312673982944,0.03776902167588683,0.24224164217235156
324,83471_2006-01-04.txt,0.21984078262021492,0.14598352655827546,0.007772443713828399,0.0018162631292561763,0.013295733379186494,0.002309239904297965,0.025553277934916133,0.10603195227193314,0.1834011287763632,0.29399565171172815
325,83471_2006-01-11.txt,0.18740237881274582,0.08416363311526125,0.0011657560852301482,0.002134560385696024,0.014023054006516109,0.0012717193611263599,0.019432013796711486,0.3012393836203582,0.20837757065536758,0.18078993016098704
326,83471_2006-01-18.txt,0.22470482896891653,0.011137021317829433,0.02446036474821981,0.010468320901563575,0.010557968800730387,0.0033632053518335716,0.002516411874724989,0.3507441327641146,0.14718640993542959,0.2148613353366376
327,83471_2006-01-25.txt,0.21533329530198408,0.08608388042773088,0.0015533778807473807,6.179261236471719E-4,0.02203267164253373,4.946747678171558E-5,0.0012449731946041454,0.24506689594397282,0.16574693489526598,0.26227057711273205
328,83471_2006-02-01.txt,0.18545610059698725,0.05747348484537357,0.0027426555813446106,0.006410322990470547,0.004650391341551504,4.688977084106869E-4,0.018395601280422013,0.2739530059146754,0.16639079993535424,0.28405873980541013
329,83471_2006-02-08-01.txt,0.06738361814501892,0.14867125250200422,0.0024733350540028522,0.0012028122677519128,0.6377562349873525,0.016715590576519227,8.55148112924515E-4,0.028940014816469625,0.026056201250446567,0.0699457922875098
330,83471_2006-02-08.txt,0.21537769732888798,0.04554954270682401,0.0032983939468075965,0.0073023297497207765,0.01171029441781002,0.0015388799463172311,0.006592035860981975,0.3187455848733941,0.17947525975880568,0.21040998141045067
331,83471_2006-02-15.txt,0.24178295420638665,0.104410870477066,0.008761048760296588,0.013364695572237139,0.0028735309528074896,0.011421746934699781,0.006615313156217517,0.17501838396592603,0.1796887193345692,0.25606273663979356
332,83471_2006-02-22.txt,0.2518021360463631,0.09429674163265146,0.03926482459270382,0.012803097062161418,0.0027338013741880973,0.005739067894057426,0.005858422592022541,0.09443123994996414,0.1721911664809534,0.3208795023749346
333,83471_2006-03-01.txt,0.26625987475456936,0.06413436366825638,0.025850534980481246,0.031144032719182195,0.004083139649048597,0.002997731639068416,0.0026523916375973725,0.23426243215958498,0.10041876678664763,0.2681967320055638
334,83471_2006-03-08.txt,0.20970678021478725,0.10650035684773333,0.02477996988737108,0.0485250512011851,0.0029850436362316764,0.002430003208619569,0.011752528326236028,0.2300610178299558,0.12374092171228245,0.2395183271355977
335,83471_2006-03-15.txt,0.28215403879155687,0.07746066031633216,0.08322364455547919,0.0623751437032628,0.02362385628171318,3.9354937417551694E-4,0.0012009280966278583,0.06598960030340338,0.07945101067197054,0.3241275679054785
336,83471_2006-03-22.txt,0.2502266453987798,0.07130626869315877,0.07910300463126993,0.05681729971325679,0.0045012687941577674,6.764190129912729E-4,0.0010168311544041923,0.22175320902417406,0.06750032302794645,0.24709873054986095
337,83471_2006-03-29.txt,0.2792285339505941,0.04715338686545538,0.12348368713784738,0.03693577074568251,3.5038011318871464E-5,0.00196092871699132,0.006352503254150248,0.2157529677208332,0.03657044362446463,0.2525267399726624
338,83471_2006-04-05.txt,0.22154925215326826,0.09760660160457135,0.19726269667395932,0.03307690106712081,0.01019687099842137,0.0023924257116116326,0.002322392197683286,0.14890683665888474,0.01276023346874938,0.2739257894657298
339,83471_2006-04-12.txt,0.24295824251808254,0.07048913175845785,0.17713924113104057,0.009365665493840908,0.014119199002013229,7.400531474374972E-4,0.012912261189610261,0.18832709659571445,0.014833846409964374,0.2691152627538383
340,83471_2006-04-19.txt,0.3356983656671955,0.08096738661115598,0.14424401516475335,0.008679036339458228,0.001328006979423686,0.013566118719551528,0.012100301238063625,0.10941908933666697,0.01451724824974876,0.27948043169398235
341,83471_2006-04-26.txt,0.21853834631126234,0.09226936947088539,0.17339996123228937,0.003911168271175969,0.005170247799048372,0.006599233546320126,0.0257467225107997,0.23733123820720842,5.608614570669081E-4,0.2364728511939434
342,83471_2006-05-03.txt,0.252085473103237,0.09045936022555441,0.08972512993985692,1.96101071110654E-5,0.0061971879364798674,0.020333688737398197,0.006202404846153098,0.26509670228537313,0.004525991363980614,0.26535445145485576
343,83471_2006-05-10.txt,0.2538503872723134,0.1801032257906149,0.0927104884759502,0.00469892265630603,0.023003723271782732,0.012030867199228298,0.018516647126206306,0.1217786472306348,0.0014399553963778315,0.29186713558058547
344,83471_2006-05-17.txt,0.2132900888543424,0.21969183648759438,0.07950353750841785,0.005239447831417307,0.019466712430086856,0.00476291966535609,0.01795533844001841,0.16557479397056565,0.002924213722062307,0.2715911110901388
345,83471_2006-05-24.txt,0.23890701776322365,0.20717348929646762,0.04700145180455269,0.02236691564624774,0.00797945161516528,0.012351638110754263,0.03112457143909187,0.1981291250970829,8.646936759495288E-4,0.23410164555146448
346,83471_2006-05-31.txt,0.17645142915375855,0.17863008998028898,0.013165645581310335,0.005030363953786978,0.009000538231640026,0.006525267724750646,0.04182722442559908,0.36270942894628183,0.00213138346934843,0.20452862853323514
347,83471_2006-06-07.txt,0.23768535989697362,0.267210275567154,0.03356544157032836,1.97440020041844E-5,0.022740141782505437,0.008270901183317109,0.018130272676683067,0.11991828006146042,0.007022507088191917,0.2854370761713819
348,83471_2006-06-14.txt,0.20558537652595643,0.24672837646498635,0.017455097528135656,1.2196607365001488E-4,0.02187368470644436,0.003999539501544128,0.01839679141058692,0.2437323091819238,3.7339228166252805E-4,0.2417334663251098
349,83471_2006-06-21.txt,0.22524688065959753,0.297448645768892,0.023641750865201275,1.9010469643465256E-4,0.024546851660505135,0.01715065148939896,9.054873143146688E-4,0.15041784503106959,0.0012097971562048547,0.2592419853583813
350,83471_2006-06-28.txt,0.21754831158646867,0.25309503341032547,0.009748299000161848,0.003720996138621233,0.0514757413026607,0.017788933021147,0.02490553320766325,0.14159036119607574,0.00268565719039872,0.27744113394647735
351,83471_2006-07-05.txt,0.2444789733994317,0.2602565599878653,0.015500734621381046,0.005844324410849199,0.04311140662441542,0.010077181620227088,0.030522717011793734,0.12308678468506004,0.0012918641145651796,0.2658294535244113
352,83471_2006-07-12.txt,0.23458294640661034,0.30101836101238616,0.038743903294082324,4.420294431882968E-4,0.01835831889507721,0.033176562642463936,0.023259799884628396,0.07476563169385811,0.004357182223668804,0.2712952645040364
353,83471_2006-07-19.txt,0.20783901690316794,0.2526079465993392,0.020241866197454564,0.006117062145466724,0.002570747388020346,0.01568112068220219,0.04657397665282203,0.18732636112631892,1.456526460420982E-4,0.26089624965916597
354,83471_2006-07-26.txt,0.21776534830157704,0.3193727313848721,0.031221390618768965,1.9046796515445797E-5,0.009373530979115658,0.01273592999344549,0.02688226106189148,0.14581194985503731,0.0014075496183280991,0.2354102613904484
355,83471_2006-08-02.txt,0.22589239752654336,0.24411773865695482,0.007797788730489874,0.005491392997633269,0.01750808163744358,0.01373109019370569,0.06228842692366111,0.16342859699086731,0.007108125421469927,0.25263636092123104
356,83471_2006-08-09.txt,0.25052369084343074,0.2005480843704472,0.014164025240865387,0.004998309905925548,0.025773693807558944,0.01753462380056829,0.0438760184319978,0.21550216683325535,0.0022181604587242026,0.22486122630722655
357,83471_2006-08-16.txt,0.259386082872231,0.24173328612104056,0.04493151018393531,0.002459453378989922,0.024952145233406314,0.009104472658567822,0.0551290691425423,0.11958320767999561,0.010597224395491635,0.23212354833379947
358,83471_2006-08-23.txt,0.22590399581578932,0.21753244495165988,0.0318100710898893,0.0062210846517163475,0.02987328029138506,0.010097978563396904,0.08575589903246378,0.12458104611674012,0.005400391706105966,0.2628238077808533
359,83471_2006-08-30.txt,0.22391851070532304,0.13474582502540888,0.015034691462113604,0.0017110426992579027,0.023547996386643275,1.496217099918924E-4,0.10891309914351378,0.2587729599325432,0.0060938107420379795,0.22711244219316645
360,83471_2006-09-06.txt,0.20614708226238307,0.15189513164964183,0.034936006316557994,9.247500448438742E-4,0.12168285026705308,0.0064482027919321215,0.07646636970085646,0.1551043732084192,9.780081621068642E-4,0.2454172255962055
361,83471_2006-09-13.txt,0.2564441502340627,0.11308366824484792,0.006034194411711225,0.003581754205637094,0.02196275524358593,0.0017407182035668461,0.19896514406432753,0.09745517200957851,0.006587066967534724,0.29414537641514754
362,83471_2006-09-20.txt,0.2218681805556307,0.13557327149036444,0.009804740996135458,6.669364786417945E-5,0.030528379719694722,0.007614414355461386,0.16211042649052335,0.16653389719017975,0.0030025044578266,0.2628974910963194
363,83471_2006-09-27.txt,0.2196504562593698,0.07034815467040988,0.003396770064969318,0.0021294330702821755,0.008778369220413333,0.007378685827845791,0.22147847961885853,0.17057932580198332,0.015368886606666975,0.28089143885920087
364,83471_2006-10-04.txt,0.24474597707554602,0.04629944479713973,0.01103017749747846,3.134736256643063E-4,0.009482376496899175,0.0036482632699263305,0.1709358986980535,0.1810287223534996,0.03387582578114404,0.2986398404046488
365,83471_2006-10-11.txt,0.2971741616586925,0.09802648599405381,0.01244150379167059,1.598929039693525E-4,0.02577132294180703,0.002546441818311938,0.1026013794944737,0.11919976791369692,0.044813880892620596,0.2972651625907035
366,83471_2006-10-18.txt,0.2689249324541947,0.09370383734140668,0.02090584851652698,2.2271218444478867E-4,0.012082226706009455,0.006712058185669478,0.11845814572785525,0.13883382819656853,0.06737767057780529,0.27277874010951886
367,83471_2006-10-25.txt,0.29388340366632687,0.03296235227215863,0.05950128457033224,2.0199910787441696E-5,0.011946115968548447,0.002705304328014601,0.1087137824983776,0.14403193665938757,0.07270618955907178,0.2735294305669948
368,83471_2006-11-01.txt,0.29832698968312815,0.0936821940444822,0.005579556514203437,0.0011878686936667201,0.006415057731005794,0.011157424721502432,0.057156272980166234,0.14210510745282798,0.09503685090999318,0.28935267726902386
369,83471_2006-11-08.txt,0.30197735357837613,0.028796177258611787,0.008160853645171723,1.8750612061280404E-5,0.02477812459520251,0.002090924877718642,0.06332878133496082,0.1856925896266096,0.10291327138629415,0.28224317308499336
370,83471_2006-11-15.txt,0.24756038191382349,0.04430583607275211,0.0035325038674232693,8.890026137430641E-4,0.007487146023302398,0.0023701491268188373,0.062440707451916176,0.15905301536320363,0.15820558397903908,0.3141556735879779
371,83471_2006-11-22.txt,0.2694974912542551,0.07886721886587024,0.010510169500550238,0.0026917824117417156,0.023030990161649965,0.006880629335228513,0.019649834249131092,0.1204626107400901,0.19277428264530536,0.27563499083617765
372,83471_2006-11-29.txt,0.291994688601585,0.04943831620323043,0.013014285925950641,8.340684386502921E-4,0.017141518805160818,0.0010799067453154928,0.025588968671759756,0.1121991404127896,0.16739208602212022,0.3213170201734378
373,83471_2006-12-06.txt,0.2886805266788004,0.0396337940069843,0.0032821267600233986,0.0014959441581132151,0.008856258296028556,7.572498920122117E-4,0.011599399246073488,0.09359491623372526,0.21766748984262158,0.3344322948856176
374,83471_2006-12-13.txt,0.2902298751717398,0.013361163680932524,0.0054483830926440185,0.0026839423554246094,0.02588331396529115,0.004760664163184243,0.004076005752645273,0.18905051578044269,0.1453799601313898,0.3191261759063059
375,83471_2006-12-20-01.txt,0.11614097333077564,0.025417739012014818,0.00221058761105863,0.07509051104360652,0.20467284168931824,0.0021364054526592188,0.02327050197687999,0.10344689137847685,0.130109749712453,0.3175037987927571
376,83471_2006-12-20.txt,0.2789626727509261,0.03566063947898711,0.01132560340867922,0.007962051685071147,0.022489539880004086,0.002041647791682672,0.008395983357224912,0.14358320494229285,0.16553803794586217,0.3240406187592697
377,83471_2006-12-27.txt,0.021154039358762564,0.05659095109428781,0.06733606482753939,0.2559618752926949,0.024283781696246922,0.028897481063619772,0.027192016078780853,0.13356028453065386,0.0727733024122787,0.3122502036451353
378,83471_2007-01-03.txt,0.319277194506692,0.06184106842328922,0.006161931027259725,0.005137736792738536,0.02320434056812583,0.00917335858022688,0.019404658126204396,0.1551454814977285,0.1428944907639476,0.2577597397137873
379,83471_2007-01-10.txt,0.26731732104234035,0.07098247162163138,0.002787371625416697,2.0763982740552836E-5,0.021920298416970536,0.005839243686087794,0.00570303063742285,0.15749508607492219,0.24301469192192113,0.2249197209905465
380,83471_2007-01-17.txt,0.31136197834061397,0.009327492940921178,0.01480147679543341,0.021607487141237707,0.004986806048776956,7.238198220537562E-4,0.003519583088409868,0.19269972746690114,0.14314112922864233,0.29783049912700965
381,83471_2007-01-24.txt,0.3149732481550545,0.012288211504911802,0.01323049361221333,0.0055595385766515045,0.02158836965679869,5.432918488442203E-4,0.03372061491218668,0.1835577008562061,0.14165221212490842,0.2728863187522248
382,83471_2007-01-31.txt,0.3200752052330927,0.020645994818449614,0.007202737765512111,0.008655431640134964,9.34787144836192E-4,0.004337805441825656,0.004275339029198714,0.22943085774117652,0.1439717188723529,0.2604701223134206
383,83471_2007-02-07-01.txt,0.10514407226043536,0.10374068651389647,0.002091529404379977,7.763387677953528E-4,0.6020515264042856,0.046132053764886397,6.508321858280966E-4,0.014253972372245054,0.03400367348292166,0.09115531484332613
384,83471_2007-02-07.txt,0.3195032661216605,0.015877918213926707,0.0031522192234725603,0.009897502686750966,0.010738199397362161,1.0671581545805668E-4,0.004020492012078007,0.2508285447956123,0.1393662944001285,0.24650884733355025
385,83471_2007-02-14.txt,0.3454071049040344,0.014719372621796149,0.019276537440714822,0.010106303591408577,0.002336887522353286,0.007612870227847184,0.014952543448754,0.2156097241890994,0.1385572720968719,0.23142138395712025
386,83471_2007-02-21.txt,0.3475664341632617,0.02571535235900881,0.02280291311367336,0.007709867930456661,0.018226352956036456,3.1445830922724124E-4,0.008978280916203613,0.211384521922186,0.10485626793378412,0.252445550396162
387,83471_2007-02-28.txt,0.3096982178278185,0.025812601672732274,0.02376865698255441,0.02339497970674136,0.005839798938598221,4.545340437697751E-4,0.0029818278004706267,0.2146839114983157,0.1482415284667553,0.24512394306224383
388,83471_2007-03-07.txt,0.34662204927760126,0.03078328010180255,0.08078777886637736,0.043477302441142,0.006338189292768225,6.771161697877934E-4,0.006915534365787711,0.15350024984953184,0.06178675515958458,0.2691117444756167
389,83471_2007-03-14.txt,0.2554413425248748,0.0366303390616382,0.06556090729006972,0.07715608288128559,0.011560944415072924,1.3918533490958474E-4,0.001417537668287312,0.276879718813435,0.04354947042810526,0.23166447158232162
390,83471_2007-03-21.txt,0.19167547214031536,0.03600662858597464,0.03039972241529683,0.3072713128120159,2.576043404787945E-4,0.0036877865965790502,0.010536131307809801,0.18333249001744234,0.03771773251754188,0.1991151192665454
391,83471_2007-03-28.txt,0.2770928274542515,0.053577880514186896,0.13241918862629304,0.055541969256450774,0.011568889329726037,0.0014144350275975932,0.002402891184851948,0.14022035728336343,0.06823078839425312,0.25753077292902565
392,83471_2007-04-04.txt,0.28963721646475377,0.05422791314816749,0.16263266554118308,0.030118822173017097,0.007922000127249867,0.01377316788451474,0.004343056189396578,0.10049390602627992,0.02541981178462443,0.311431440660813
393,83471_2007-04-11.txt,0.3102935717046527,0.0627338386363655,0.14145744639677454,0.031139542871255626,0.0015704952600885428,0.0031742363834550602,8.178775982002543E-4,0.13477071952937447,0.011693407851255944,0.30234886376857734
394,83471_2007-04-18.txt,0.25209759062003995,0.05220659613826614,0.17980304022847668,0.007345931288134893,0.017096193265147545,0.004346811889237461,0.04255369494236675,0.13558634101556502,0.019078389923697286,0.2898854106890683
395,83471_2007-04-25.txt,0.33767312011531425,0.05132109213088264,0.14664772859312655,0.006335371459549817,0.013832853150636277,0.012312719775051318,0.026264449881362246,0.13384620987782955,0.008271421027519368,0.263495033988728
396,83471_2007-05-02.txt,0.2741109453225091,0.09560661655880179,0.13013738624769605,0.00930513972975728,0.00800710030100202,0.01394985538567723,0.010100087031971775,0.2144926476330893,0.0012134264243677116,0.2430767953651277
397,83471_2007-05-09.txt,0.30994741393388503,0.08656025671496491,0.12420450393775538,0.007421156335624849,0.011254688117996655,0.03618106933741687,0.020210263102482695,0.148288834297437,0.003485302437537699,0.2524465117848989
398,83471_2007-05-16.txt,0.24848963117479259,0.1623928159311264,0.09606127981293949,0.0036389761504112576,0.01179040201340335,0.011925758352719171,0.01858951438871514,0.22196263135579652,0.0031162113870154243,0.22203277943308067
399,83471_2007-05-23.txt,0.34032624995231886,0.07300159442842549,0.12045298915906784,0.016473585510372424,0.014446330107510064,0.01697211889755329,0.014743994267480635,0.15277165478838783,0.0047479671119525285,0.24606351577693103
400,83471_2007-05-30.txt,0.24948792101755587,0.14678665418182876,0.03635761018934438,0.0010103975437323492,0.01834789499725101,0.0030776850009557348,0.012963399642790401,0.2846049235861594,0.012246744497941999,0.23511676934244008
401,83471_2007-06-06.txt,0.31497683087864364,0.1451914615732161,0.048288047616031594,0.0064697632060408804,0.007157390865260225,0.011897235559723295,0.024804567866714183,0.1874203451744843,5.297256425669842E-4,0.2532646316173188
402,83471_2007-06-13.txt,0.33157865818962284,0.2004878268862619,0.0705613068324097,0.00242747696184952,0.01105493166999919,0.00108003029032337,0.005781614237320744,0.15672556119372197,0.003389389442734248,0.2169132042957565
403,83471_2007-06-20.txt,0.25699878352365146,0.1627985291712527,0.028050433515975307,0.0047003826100822915,0.027112032308573085,0.009256680951208037,0.017953599468027902,0.23868423681897796,0.002011625680348972,0.2524336959519023
404,83471_2007-06-27.txt,0.2381032229707444,0.2652159066821508,0.029636347749567558,1.359892289609481E-4,0.03250457431133249,0.01457491405928362,0.009279041924753595,0.11243613980461421,0.0011808688044443192,0.29693299446414806
405,83471_2007-07-04.txt,0.2800895465933225,0.19661664571496626,0.02242470633569124,0.006519378035631462,0.012342237169620515,0.013497602471958116,0.03586034878001868,0.1668081823321211,3.23634686472577E-4,0.2655177178801975
406,83471_2007-07-11.txt,0.26861196625397504,0.1616652033287495,0.032099928196295036,0.011914397760708443,0.026697682012248165,0.004751218755921947,0.006594447254386863,0.22529931449827095,0.007289078790551251,0.2550767631488928
407,83471_2007-07-18.txt,0.27410343730404946,0.20473266674077922,0.035282793586821494,0.010726445145370286,0.002388011990050364,0.015257024604401564,0.039074672318774505,0.1990434932711688,0.002602477502617398,0.21678897753596688
408,83471_2007-07-25.txt,0.23305772634405506,0.2517315187029808,0.02275557255408937,0.003171451526805278,0.017105525691437723,0.011267284412738223,0.02357559643801774,0.17642847825573288,0.01060795356482038,0.2502988925093225
409,83471_2007-08-01.txt,0.2662763800304254,0.17523307762034065,0.02660484934146357,0.0033554417417199843,0.017097152636033668,0.020704047939230447,0.030771123017417527,0.21087841888392622,0.00308239759668813,0.24599711119275436
410,83471_2007-08-08.txt,0.30410904125635935,0.15576963893652346,0.01807598557649125,1.8040081301806423E-5,0.028633670812506916,0.015990783873182146,0.04937604860333547,0.16848939116870446,0.0012753889781466853,0.2582620107134485
411,83471_2007-08-15.txt,0.28214763651530256,0.2018334180850815,0.014452815222286843,2.1604276941254307E-5,0.038441501572442166,0.02572196008009458,0.04799374350958979,0.12464508828879677,0.013010833181378464,0.2517313992680861
412,83471_2007-08-22-01.txt,0.11007441826198044,0.009992594766529523,0.022395238986045153,0.001008875425986629,0.4874486037220468,0.002435737513277359,0.005655006279492943,0.02541331592850338,0.002673782413066081,0.33290242670307174
413,83471_2007-08-22.txt,0.2681709059943497,0.20489808446836338,0.02249296383398693,5.939375172919862E-4,0.06649792632747323,0.01956091560617364,0.04611734449702649,0.11394288273629531,0.0026055968751290456,0.25511944214391025
414,83471_2007-08-29.txt,0.262405713981139,0.1403733070938388,0.015815527367346333,0.006161360146661031,0.07715907160845602,0.003835672101763657,0.09310857055239329,0.11544546320878596,0.003851395681695393,0.28184391825792054
415,83471_2007-09-05.txt,0.2830260843731204,0.13598536769002315,0.011187016519502654,2.648295899032249E-5,0.11445291178136646,0.0015963903240882268,0.06832920736255227,0.12913349746370817,0.0011090869275248115,0.25515395459912354
416,83471_2007-09-12.txt,0.2906997623345132,0.09435897565001225,0.1229917654574703,0.008565251349199589,0.06976462198150413,0.002642845884858657,0.09527563341837679,0.07067879850672917,5.22993844232962E-4,0.24449935157310293
417,83471_2007-09-19.txt,0.2807154483913394,0.0412266007931963,0.06893862107321992,0.009658592850990648,0.03433679441627464,0.0033201084278489247,0.16930649516399235,0.13623944880963945,0.0011731414940445856,0.25508474857945385
418,83471_2007-09-26.txt,0.29371672189653164,0.04581914558542509,0.009675551981941916,2.1595313482918778E-5,0.022659627155862273,0.011881529176146214,0.16794699099931362,0.08842855403046543,0.032505395339328,0.32734488852150284
419,83471_2007-10-03.txt,0.30703038460383697,0.02065329854804787,0.008306332524626467,2.076536336417387E-5,0.00676174594430884,0.005706649401132523,0.20464529520628277,0.11920658553946448,0.022080353929311278,0.3055885889396246
420,83471_2007-10-10.txt,0.27107828470084744,0.04901480836804907,0.027867322382081033,0.00235064336190042,1.1951659076994269E-4,0.012830305170673295,0.14407557647600208,0.20949097200679603,0.03712214381421161,0.2460504271286691
421,83471_2007-10-17.txt,0.329563432839605,0.039201287233302844,0.04920477821737955,0.002816734514817825,7.35102316541275E-4,0.003790240887720393,0.12275554732132181,0.11142839991781875,0.0525155722587347,0.2879889044927579
422,83471_2007-10-24.txt,0.2977605456354096,0.015116072153861446,0.07815275593491951,3.703844465959137E-4,3.340891764242695E-4,0.0021607976854374177,0.11335010235294132,0.17308515669684033,0.06337536614716385,0.25629472977040635
423,83471_2007-10-31.txt,0.3019188569754468,0.015872208419237633,0.03314202369332144,0.003997021014110523,0.003030381631676662,5.554532854717376E-4,0.06784059417373035,0.27560044140108836,0.06452600343507456,0.2335170159708419
424,83471_2007-11-07.txt,0.2861033932456256,0.0314869162727196,0.053959687247428015,0.0017025582471463356,0.030521315088453554,0.005618115091582931,0.05071489691951368,0.13231140140097702,0.12184610989557243,0.2857356065909808
425,83471_2007-11-14.txt,0.2633156092428902,0.03261715100265915,0.02434353057460096,7.996780091705409E-4,0.004706557927001236,0.012626473077696251,0.11195914961371868,0.14290301527007052,0.13920123503307563,0.26752760024911676
426,83471_2007-11-21.txt,0.30351711104572404,0.052000852193326445,0.046141308607034956,2.386067708575014E-5,0.002345079892540888,5.214887817344109E-4,0.04414362385750132,0.09411385169298296,0.14081593892920446,0.3163768843228647
427,83471_2007-11-28.txt,0.25550381507209685,0.014983313432809259,0.005712455850169691,5.40055576427514E-4,0.01453352500778689,0.0032371972471415744,0.03487473284193022,0.05150973213618058,0.21258906154710408,0.4065161112883533
428,83471_2007-12-05.txt,0.26192958822251955,0.03552906738483635,0.020281234516978334,0.002014840117723731,0.009567562060983473,0.004044503455086108,0.012819589748967613,0.1168387447219878,0.20877612775862783,0.3281987420122892
429,83471_2007-12-12.txt,0.22880873328072635,0.030394409880132686,0.021199849300384675,0.004437348183640855,0.004461420239244935,0.0025764643789056734,0.0028889352482646883,0.1872331464370962,0.18756531764717335,0.3304343754044306
430,83471_2007-12-19.txt,0.25132534729057754,0.03390662789852648,0.007110524263494124,0.006122375755785485,0.018194934902504862,2.562066389628551E-4,0.012412114817157047,0.19675606864710282,0.15381711929947403,0.32009868048641477
431,83471_2007-12-26.txt,0.021154039358762564,0.05659095109428781,0.06733606482753939,0.2559618752926949,0.024283781696246922,0.028897481063619772,0.027192016078780853,0.20356884600343758,0.03776902167588683,0.27724592290874345
432,dhbox-work-today.md,0.02421099952188953,0.05221524992879931,0.027179589381141633,0.41194713174236447,0.015745747029122212,0.01697105512870149,0.035111018461570304,0.09124969728895363,0.03792006378408968,0.28744944773336767
433,index.txt,0.034399445794010955,0.09202485263378811,0.16641980805942572,0.0177768247396071,0.03948884740008853,0.046991372029365236,0.04421804589034353,0.16026593563043143,0.06141774588758704,0.3369971219353524
